TITLE;2 random variables, unit gain, comparison
FOCUS ON;
EXPERIMENT TYPE;FewRandomVariablesUnitGainAndVariance
RESULTS
PARTICULAR
parameters
result 1
normalization;Center
pcaRecompositionThreshold;0.95
component;1;2
type;RandomNormal;RandomNormal
p1;0;0
p2;1;1
result 2
normalization;Center
pcaRecompositionThreshold;0.95
component;1;2
type;RandomNormal;RandomNormal
p1;0;0
p2;1;1
result 3
normalization;Center
pcaRecompositionThreshold;0.95
component;1;2
type;RandomNormal;RandomNormal
p1;0;0
p2;1;1
result 4
normalization;Center
pcaRecompositionThreshold;0.95
component;1;2
type;RandomNormal;RandomNormal
p1;0;0
p2;1;1
result 5
normalization;Center
pcaRecompositionThreshold;0.95
component;1;2
type;RandomNormal;RandomNormal
p1;0;0
p2;1;1
result 6
normalization;Center
pcaRecompositionThreshold;0.95
component;1;2
type;RandomNormal;RandomNormal
p1;0;0
p2;1;1
result 7
normalization;Center
pcaRecompositionThreshold;0.95
component;1;2
type;RandomNormal;RandomNormal
p1;0;0
p2;1;1
result 8
normalization;Center
pcaRecompositionThreshold;0.95
component;1;2
type;RandomNormal;RandomNormal
p1;0;0
p2;1;1
result 9
normalization;Center
pcaRecompositionThreshold;0.95
component;1;2
type;RandomNormal;RandomNormal
p1;0;0
p2;1;1
result 10
normalization;Center
pcaRecompositionThreshold;0.95
component;1;2
type;RandomNormal;RandomNormal
p1;0;0
p2;1;1
result 11
normalization;Center
pcaRecompositionThreshold;0.95
component;1;2
type;RandomNormal;RandomPearson
p1;0;1
p2;1;0
result 12
normalization;Center
pcaRecompositionThreshold;0.95
component;1;2
type;RandomNormal;RandomPearson
p1;0;1
p2;1;0
result 13
normalization;Center
pcaRecompositionThreshold;0.95
component;1;2
type;RandomNormal;RandomPearson
p1;0;1
p2;1;0
result 14
normalization;Center
pcaRecompositionThreshold;0.95
component;1;2
type;RandomNormal;RandomPearson
p1;0;1
p2;1;0
result 15
normalization;Center
pcaRecompositionThreshold;0.95
component;1;2
type;RandomNormal;RandomPearson
p1;0;1
p2;1;0
result 16
normalization;Center
pcaRecompositionThreshold;0.95
component;1;2
type;RandomNormal;RandomPearson
p1;0;1
p2;1;0
result 17
normalization;Center
pcaRecompositionThreshold;0.95
component;1;2
type;RandomNormal;RandomPearson
p1;0;1
p2;1;0
result 18
normalization;Center
pcaRecompositionThreshold;0.95
component;1;2
type;RandomNormal;RandomPearson
p1;0;1
p2;1;0
result 19
normalization;Center
pcaRecompositionThreshold;0.95
component;1;2
type;RandomNormal;RandomPearson
p1;0;1
p2;1;0
result 20
normalization;Center
pcaRecompositionThreshold;0.95
component;1;2
type;RandomNormal;RandomPearson
p1;0;1
p2;1;0
result 21
normalization;Center
pcaRecompositionThreshold;0.95
component;1;2
type;RandomNormal;RandomUniform
p1;0;0
p2;1;1
result 22
normalization;Center
pcaRecompositionThreshold;0.95
component;1;2
type;RandomNormal;RandomUniform
p1;0;0
p2;1;1
result 23
normalization;Center
pcaRecompositionThreshold;0.95
component;1;2
type;RandomNormal;RandomUniform
p1;0;0
p2;1;1
result 24
normalization;Center
pcaRecompositionThreshold;0.95
component;1;2
type;RandomNormal;RandomUniform
p1;0;0
p2;1;1
result 25
normalization;Center
pcaRecompositionThreshold;0.95
component;1;2
type;RandomNormal;RandomUniform
p1;0;0
p2;1;1
result 26
normalization;Center
pcaRecompositionThreshold;0.95
component;1;2
type;RandomNormal;RandomUniform
p1;0;0
p2;1;1
result 27
normalization;Center
pcaRecompositionThreshold;0.95
component;1;2
type;RandomNormal;RandomUniform
p1;0;0
p2;1;1
result 28
normalization;Center
pcaRecompositionThreshold;0.95
component;1;2
type;RandomNormal;RandomUniform
p1;0;0
p2;1;1
result 29
normalization;Center
pcaRecompositionThreshold;0.95
component;1;2
type;RandomNormal;RandomUniform
p1;0;0
p2;1;1
result 30
normalization;Center
pcaRecompositionThreshold;0.95
component;1;2
type;RandomNormal;RandomUniform
p1;0;0
p2;1;1
result 31
normalization;Center
pcaRecompositionThreshold;0.95
component;1;2
type;RandomNormal;RandomWeibull
p1;0;1
p2;1;1
result 32
normalization;Center
pcaRecompositionThreshold;0.95
component;1;2
type;RandomNormal;RandomWeibull
p1;0;1
p2;1;1
result 33
normalization;Center
pcaRecompositionThreshold;0.95
component;1;2
type;RandomNormal;RandomWeibull
p1;0;1
p2;1;1
result 34
normalization;Center
pcaRecompositionThreshold;0.95
component;1;2
type;RandomNormal;RandomWeibull
p1;0;1
p2;1;1
result 35
normalization;Center
pcaRecompositionThreshold;0.95
component;1;2
type;RandomNormal;RandomWeibull
p1;0;1
p2;1;1
result 36
normalization;Center
pcaRecompositionThreshold;0.95
component;1;2
type;RandomNormal;RandomWeibull
p1;0;1
p2;1;1
result 37
normalization;Center
pcaRecompositionThreshold;0.95
component;1;2
type;RandomNormal;RandomWeibull
p1;0;1
p2;1;1
result 38
normalization;Center
pcaRecompositionThreshold;0.95
component;1;2
type;RandomNormal;RandomWeibull
p1;0;1
p2;1;1
result 39
normalization;Center
pcaRecompositionThreshold;0.95
component;1;2
type;RandomNormal;RandomWeibull
p1;0;1
p2;1;1
result 40
normalization;Center
pcaRecompositionThreshold;0.95
component;1;2
type;RandomNormal;RandomWeibull
p1;0;1
p2;1;1
result 41
normalization;Center
pcaRecompositionThreshold;0.95
component;1;2
type;RandomPearson;RandomPearson
p1;1;1
p2;0;0
result 42
normalization;Center
pcaRecompositionThreshold;0.95
component;1;2
type;RandomPearson;RandomPearson
p1;1;1
p2;0;0
result 43
normalization;Center
pcaRecompositionThreshold;0.95
component;1;2
type;RandomPearson;RandomPearson
p1;1;1
p2;0;0
result 44
normalization;Center
pcaRecompositionThreshold;0.95
component;1;2
type;RandomPearson;RandomPearson
p1;1;1
p2;0;0
result 45
normalization;Center
pcaRecompositionThreshold;0.95
component;1;2
type;RandomPearson;RandomPearson
p1;1;1
p2;0;0
result 46
normalization;Center
pcaRecompositionThreshold;0.95
component;1;2
type;RandomPearson;RandomPearson
p1;1;1
p2;0;0
result 47
normalization;Center
pcaRecompositionThreshold;0.95
component;1;2
type;RandomPearson;RandomPearson
p1;1;1
p2;0;0
result 48
normalization;Center
pcaRecompositionThreshold;0.95
component;1;2
type;RandomPearson;RandomPearson
p1;1;1
p2;0;0
result 49
normalization;Center
pcaRecompositionThreshold;0.95
component;1;2
type;RandomPearson;RandomPearson
p1;1;1
p2;0;0
result 50
normalization;Center
pcaRecompositionThreshold;0.95
component;1;2
type;RandomPearson;RandomPearson
p1;1;1
p2;0;0
result 51
normalization;Center
pcaRecompositionThreshold;0.95
component;1;2
type;RandomPearson;RandomUniform
p1;1;0
p2;0;1
result 52
normalization;Center
pcaRecompositionThreshold;0.95
component;1;2
type;RandomPearson;RandomUniform
p1;1;0
p2;0;1
result 53
normalization;Center
pcaRecompositionThreshold;0.95
component;1;2
type;RandomPearson;RandomUniform
p1;1;0
p2;0;1
result 54
normalization;Center
pcaRecompositionThreshold;0.95
component;1;2
type;RandomPearson;RandomUniform
p1;1;0
p2;0;1
result 55
normalization;Center
pcaRecompositionThreshold;0.95
component;1;2
type;RandomPearson;RandomUniform
p1;1;0
p2;0;1
result 56
normalization;Center
pcaRecompositionThreshold;0.95
component;1;2
type;RandomPearson;RandomUniform
p1;1;0
p2;0;1
result 57
normalization;Center
pcaRecompositionThreshold;0.95
component;1;2
type;RandomPearson;RandomUniform
p1;1;0
p2;0;1
result 58
normalization;Center
pcaRecompositionThreshold;0.95
component;1;2
type;RandomPearson;RandomUniform
p1;1;0
p2;0;1
result 59
normalization;Center
pcaRecompositionThreshold;0.95
component;1;2
type;RandomPearson;RandomUniform
p1;1;0
p2;0;1
result 60
normalization;Center
pcaRecompositionThreshold;0.95
component;1;2
type;RandomPearson;RandomUniform
p1;1;0
p2;0;1
result 61
normalization;Center
pcaRecompositionThreshold;0.95
component;1;2
type;RandomPearson;RandomWeibull
p1;1;1
p2;0;1
result 62
normalization;Center
pcaRecompositionThreshold;0.95
component;1;2
type;RandomPearson;RandomWeibull
p1;1;1
p2;0;1
result 63
normalization;Center
pcaRecompositionThreshold;0.95
component;1;2
type;RandomPearson;RandomWeibull
p1;1;1
p2;0;1
result 64
normalization;Center
pcaRecompositionThreshold;0.95
component;1;2
type;RandomPearson;RandomWeibull
p1;1;1
p2;0;1
result 65
normalization;Center
pcaRecompositionThreshold;0.95
component;1;2
type;RandomPearson;RandomWeibull
p1;1;1
p2;0;1
result 66
normalization;Center
pcaRecompositionThreshold;0.95
component;1;2
type;RandomPearson;RandomWeibull
p1;1;1
p2;0;1
result 67
normalization;Center
pcaRecompositionThreshold;0.95
component;1;2
type;RandomPearson;RandomWeibull
p1;1;1
p2;0;1
result 68
normalization;Center
pcaRecompositionThreshold;0.95
component;1;2
type;RandomPearson;RandomWeibull
p1;1;1
p2;0;1
result 69
normalization;Center
pcaRecompositionThreshold;0.95
component;1;2
type;RandomPearson;RandomWeibull
p1;1;1
p2;0;1
result 70
normalization;Center
pcaRecompositionThreshold;0.95
component;1;2
type;RandomPearson;RandomWeibull
p1;1;1
p2;0;1
result 71
normalization;Center
pcaRecompositionThreshold;0.95
component;1;2
type;RandomUniform;RandomUniform
p1;0;0
p2;1;1
result 72
normalization;Center
pcaRecompositionThreshold;0.95
component;1;2
type;RandomUniform;RandomUniform
p1;0;0
p2;1;1
result 73
normalization;Center
pcaRecompositionThreshold;0.95
component;1;2
type;RandomUniform;RandomUniform
p1;0;0
p2;1;1
result 74
normalization;Center
pcaRecompositionThreshold;0.95
component;1;2
type;RandomUniform;RandomUniform
p1;0;0
p2;1;1
result 75
normalization;Center
pcaRecompositionThreshold;0.95
component;1;2
type;RandomUniform;RandomUniform
p1;0;0
p2;1;1
result 76
normalization;Center
pcaRecompositionThreshold;0.95
component;1;2
type;RandomUniform;RandomUniform
p1;0;0
p2;1;1
result 77
normalization;Center
pcaRecompositionThreshold;0.95
component;1;2
type;RandomUniform;RandomUniform
p1;0;0
p2;1;1
result 78
normalization;Center
pcaRecompositionThreshold;0.95
component;1;2
type;RandomUniform;RandomUniform
p1;0;0
p2;1;1
result 79
normalization;Center
pcaRecompositionThreshold;0.95
component;1;2
type;RandomUniform;RandomUniform
p1;0;0
p2;1;1
result 80
normalization;Center
pcaRecompositionThreshold;0.95
component;1;2
type;RandomUniform;RandomUniform
p1;0;0
p2;1;1
result 81
normalization;Center
pcaRecompositionThreshold;0.95
component;1;2
type;RandomUniform;RandomWeibull
p1;0;1
p2;1;1
result 82
normalization;Center
pcaRecompositionThreshold;0.95
component;1;2
type;RandomUniform;RandomWeibull
p1;0;1
p2;1;1
result 83
normalization;Center
pcaRecompositionThreshold;0.95
component;1;2
type;RandomUniform;RandomWeibull
p1;0;1
p2;1;1
result 84
normalization;Center
pcaRecompositionThreshold;0.95
component;1;2
type;RandomUniform;RandomWeibull
p1;0;1
p2;1;1
result 85
normalization;Center
pcaRecompositionThreshold;0.95
component;1;2
type;RandomUniform;RandomWeibull
p1;0;1
p2;1;1
result 86
normalization;Center
pcaRecompositionThreshold;0.95
component;1;2
type;RandomUniform;RandomWeibull
p1;0;1
p2;1;1
result 87
normalization;Center
pcaRecompositionThreshold;0.95
component;1;2
type;RandomUniform;RandomWeibull
p1;0;1
p2;1;1
result 88
normalization;Center
pcaRecompositionThreshold;0.95
component;1;2
type;RandomUniform;RandomWeibull
p1;0;1
p2;1;1
result 89
normalization;Center
pcaRecompositionThreshold;0.95
component;1;2
type;RandomUniform;RandomWeibull
p1;0;1
p2;1;1
result 90
normalization;Center
pcaRecompositionThreshold;0.95
component;1;2
type;RandomUniform;RandomWeibull
p1;0;1
p2;1;1
result 91
normalization;Center
pcaRecompositionThreshold;0.95
component;1;2
type;RandomWeibull;RandomWeibull
p1;1;1
p2;1;1
result 92
normalization;Center
pcaRecompositionThreshold;0.95
component;1;2
type;RandomWeibull;RandomWeibull
p1;1;1
p2;1;1
result 93
normalization;Center
pcaRecompositionThreshold;0.95
component;1;2
type;RandomWeibull;RandomWeibull
p1;1;1
p2;1;1
result 94
normalization;Center
pcaRecompositionThreshold;0.95
component;1;2
type;RandomWeibull;RandomWeibull
p1;1;1
p2;1;1
result 95
normalization;Center
pcaRecompositionThreshold;0.95
component;1;2
type;RandomWeibull;RandomWeibull
p1;1;1
p2;1;1
result 96
normalization;Center
pcaRecompositionThreshold;0.95
component;1;2
type;RandomWeibull;RandomWeibull
p1;1;1
p2;1;1
result 97
normalization;Center
pcaRecompositionThreshold;0.95
component;1;2
type;RandomWeibull;RandomWeibull
p1;1;1
p2;1;1
result 98
normalization;Center
pcaRecompositionThreshold;0.95
component;1;2
type;RandomWeibull;RandomWeibull
p1;1;1
p2;1;1
result 99
normalization;Center
pcaRecompositionThreshold;0.95
component;1;2
type;RandomWeibull;RandomWeibull
p1;1;1
p2;1;1
result 100
normalization;Center
pcaRecompositionThreshold;0.95
component;1;2
type;RandomWeibull;RandomWeibull
p1;1;1
p2;1;1
result;1 RandomNormal, RandomNormal;2 RandomNormal, RandomNormal;3 RandomNormal, RandomNormal;4 RandomNormal, RandomNormal;5 RandomNormal, RandomNormal;6 RandomNormal, RandomNormal;7 RandomNormal, RandomNormal;8 RandomNormal, RandomNormal;9 RandomNormal, RandomNormal;10 RandomNormal, RandomNormal;11 RandomNormal, RandomPearson;12 RandomNormal, RandomPearson;13 RandomNormal, RandomPearson;14 RandomNormal, RandomPearson;15 RandomNormal, RandomPearson;16 RandomNormal, RandomPearson;17 RandomNormal, RandomPearson;18 RandomNormal, RandomPearson;19 RandomNormal, RandomPearson;20 RandomNormal, RandomPearson;21 RandomNormal, RandomUniform;22 RandomNormal, RandomUniform;23 RandomNormal, RandomUniform;24 RandomNormal, RandomUniform;25 RandomNormal, RandomUniform;26 RandomNormal, RandomUniform;27 RandomNormal, RandomUniform;28 RandomNormal, RandomUniform;29 RandomNormal, RandomUniform;30 RandomNormal, RandomUniform;31 RandomNormal, RandomWeibull;32 RandomNormal, RandomWeibull;33 RandomNormal, RandomWeibull;34 RandomNormal, RandomWeibull;35 RandomNormal, RandomWeibull;36 RandomNormal, RandomWeibull;37 RandomNormal, RandomWeibull;38 RandomNormal, RandomWeibull;39 RandomNormal, RandomWeibull;40 RandomNormal, RandomWeibull;41 RandomPearson, RandomPearson;42 RandomPearson, RandomPearson;43 RandomPearson, RandomPearson;44 RandomPearson, RandomPearson;45 RandomPearson, RandomPearson;46 RandomPearson, RandomPearson;47 RandomPearson, RandomPearson;48 RandomPearson, RandomPearson;49 RandomPearson, RandomPearson;50 RandomPearson, RandomPearson;51 RandomPearson, RandomUniform;52 RandomPearson, RandomUniform;53 RandomPearson, RandomUniform;54 RandomPearson, RandomUniform;55 RandomPearson, RandomUniform;56 RandomPearson, RandomUniform;57 RandomPearson, RandomUniform;58 RandomPearson, RandomUniform;59 RandomPearson, RandomUniform;60 RandomPearson, RandomUniform;61 RandomPearson, RandomWeibull;62 RandomPearson, RandomWeibull;63 RandomPearson, RandomWeibull;64 RandomPearson, RandomWeibull;65 RandomPearson, RandomWeibull;66 RandomPearson, RandomWeibull;67 RandomPearson, RandomWeibull;68 RandomPearson, RandomWeibull;69 RandomPearson, RandomWeibull;70 RandomPearson, RandomWeibull;71 RandomUniform, RandomUniform;72 RandomUniform, RandomUniform;73 RandomUniform, RandomUniform;74 RandomUniform, RandomUniform;75 RandomUniform, RandomUniform;76 RandomUniform, RandomUniform;77 RandomUniform, RandomUniform;78 RandomUniform, RandomUniform;79 RandomUniform, RandomUniform;80 RandomUniform, RandomUniform;81 RandomUniform, RandomWeibull;82 RandomUniform, RandomWeibull;83 RandomUniform, RandomWeibull;84 RandomUniform, RandomWeibull;85 RandomUniform, RandomWeibull;86 RandomUniform, RandomWeibull;87 RandomUniform, RandomWeibull;88 RandomUniform, RandomWeibull;89 RandomUniform, RandomWeibull;90 RandomUniform, RandomWeibull;91 RandomWeibull, RandomWeibull;92 RandomWeibull, RandomWeibull;93 RandomWeibull, RandomWeibull;94 RandomWeibull, RandomWeibull;95 RandomWeibull, RandomWeibull;96 RandomWeibull, RandomWeibull;97 RandomWeibull, RandomWeibull;98 RandomWeibull, RandomWeibull;99 RandomWeibull, RandomWeibull;100 RandomWeibull, RandomWeibull
distances
D plain;0.852496336155635;0.852496336155635;0.888900104324274;0.821986786783992;0.821986786783992;0.812072142729888;0.812072142729888;0.778183277532639;0.778183277532639;0.749655847143088;0.795072085593896;0.795072085593896;0.771906772589502;0.877915964266405;0.858747124308249;0.858747124308249;0.772716213366678;0.77995247288109;0.77995247288109;0.696380592694609;0.486685461085983;0.539719366381899;0.52432985172728;0.52432985172728;0.586051870184039;0.586051870184039;0.530612643171173;0.598939793477414;0.598939793477414;0.450814137728128;0.63345267558472;0.850281616109121;0.850281616109121;0.765046942256422;0.820196025252641;0.834247086719782;0.719561969849356;0.894706124776645;0.628830680654509;0.689082192288782;0.895959720934601;0.888313503713187;0.593051683452967;0.78309979490478;0.78309979490478;0.812212476338689;0.8707154946465;0.649672001847035;0.656366497148835;0.656366497148835;0.659793995796401;0.476063658364534;0.434708565392598;0.446055680610077;0.504440804174247;0.330845517588536;0.466490008885399;0.455194672980182;0.376427050904579;0.600569022681778;0.629657448346117;0.937781073561961;0.937781073561961;0.757761635666586;0.948499845086333;0.642275272541745;0.823923703598646;0.823923703598646;0.883817473810496;0.740732902695397;0.251408265320724;0.249162258082042;0.231380875661031;0.263931269332871;0.231594269234417;0.266717404887249;0.250565947185379;0.250565947185379;0.239687227772582;0.268401051054988;0.435690564855728;0.463563842037584;0.463563842037584;0.416552799674193;0.443255321027879;0.486909576247722;0.37573282730162;0.386093279610904;0.411165393286896;0.411165393286896;0.663997018139235;0.727017668038344;0.699246866579864;0.683382377923453;0.745362409935596;0.657118003337404;0.580888200838778;0.580888200838778;0.727096073724414;0.561345045138807
D PCA;0.8512678029574;0.8512678029574;0.888367318338681;0.820758275288567;0.820758275288567;0.831002132866341;0.831002132866341;0.773097553553798;0.773097553553798;0.748224517370072;0.700095673203696;0.700095673203696;0.78484600713226;0.68511640339953;0.821770859701339;0.821770859701339;0.610043674259223;0.752498178308574;0.752498178308574;0.694468640747687;0.756916312813607;0.927315067506929;0.873291175581262;0.873291175581262;0.997065765836226;0.997065765836226;0.915442950788665;1.03715113742807;1.03715113742807;0.75356270997606;0.645864425154977;0.874495391071071;0.874495391071071;0.757976549417131;0.823615539449643;0.854442122159055;0.734161589438464;0.892036453407314;0.6852310452729;0.674845188819404;0.795445800386724;0.885173475112628;0.588828371394372;0.816310011132;0.816310011132;1.03450867822211;0.755348778374086;0.657935250128324;0.709005050628526;0.709005050628526;1.25648881395038;0.805456883667949;0.651428339106352;0.717203608369077;0.956156911841874;0.499442529646751;0.850449574210479;0.758441191888926;0.48605434029652;1.11061868363379;0.522065559851393;0.919042400191653;0.919042400191653;0.77782528616525;0.867740074268471;0.685717261495107;0.822365793601663;0.822365793601663;0.858530462608776;0.639639008729164;0.254344299592786;0.248426589864258;0.231995171533989;0.264354751551306;0.232255363226265;0.265515590277621;0.248923311571313;0.248923311571313;0.236140964104765;0.269512809842349;0.666558038282064;0.70490355927649;0.70490355927649;0.615424142257918;0.650933373135757;0.882183543989063;0.587178863568512;0.554161828461721;0.626210508988743;0.626210508988743;0.648776867719988;0.674379089528575;0.692913502066918;0.695261990924295;0.734038291127438;0.668354845129404;0.582474016027874;0.582474016027874;0.727756995933772;0.56603586559078
D DE (avg);1.08251042032479;1.08251042032462;1.06510237106549;0.973755598248353;0.973755598248296;1.08997942230281;1.08997942230283;0.957919410161482;0.957919410161375;0.941792139292392;0.911211072346099;0.911211072346278;0.896909047004082;0.974484765136472;1.09247067664754;1.09247067664764;0.895590510853304;1.0547750093087;1.05477500930861;0.839755169506127;0.843497916861835;0.993908808161859;0.960482343087694;0.960482343087619;1.0765097372419;1.07650973724189;0.985280240486426;1.10747219546143;1.10747219546145;0.811462698895807;0.811462698895798;1.16058602744092;1.16058602744092;0.933471576773141;0.980002685587929;1.17124613148397;1.00080018814194;1.10566154660278;0.875839346298941;0.900257465299654;0.944281116355465;0.903509219720765;0.653081245222449;0.936427083378827;0.936427083378739;1.13986909576215;1.10460398249884;0.748769548972331;0.775199424362698;0.77519942436271;1.25670433538924;0.805474516168201;0.694381931582755;0.759862576401051;0.956215602266635;0.500238047233279;0.850489980045364;0.807516606181993;0.514934896787218;1.1122782010922;0.695814350899875;1.10841993788945;1.10841993788965;0.953500958449469;1.00088541441697;0.794624805235821;0.932438733448038;0.932438733448148;0.92133608356967;0.842517815975562;0.308435512240905;0.284563831984994;0.279296508058894;0.30468767697426;0.286155072506495;0.31682394957168;0.299639848526556;0.299639848526556;0.304232000838958;0.317218394484323;0.745430973599587;0.775912074751884;0.775912074751927;0.683360373314011;0.709788212678614;0.882252814182409;0.641448573090724;0.594041679286318;0.703468723927712;0.703468723927716;0.712235560227535;0.887302349139702;0.724870003682656;0.899880638407999;0.761372137920179;0.74572777847662;0.637494066550283;0.637494066550371;0.733311971126774;0.672367587842107
D PCA ratio;0.998558899145801;0.998558899145801;0.999400623328762;0.998505436443533;0.998505436443533;1.02331072467628;1.02331072467628;0.993464619292557;0.993464619292557;0.998090684173983;0.880543646153474;0.880543646153474;1.0167626907837;0.780389503421344;0.956941614638074;0.956941614638074;0.789479583457035;0.964800041634458;0.964800041634458;0.997254443953522;1.55524743049573;1.71814303000343;1.6655377768487;1.6655377768487;1.70132682201511;1.70132682201511;1.72525657383054;1.73164506470078;1.73164506470078;1.67155962271643;1.01959380715978;1.02847735915161;1.02847735915161;0.990758223517059;1.00416914260947;1.0242074989062;1.02028959311477;0.997016147206998;1.08969086012102;0.979339179522127;0.887814241869012;0.996465179705777;0.992878677902059;1.04240866418725;1.04240866418725;1.27369217828997;0.867503545093967;1.0127191078849;1.08019689260245;1.08019689260245;1.90436533517365;1.69191004084414;1.49854038076758;1.60787910466278;1.89547892226338;1.50959436684252;1.82308207681122;1.66619083418392;1.29123116717701;1.84927733813915;0.829126314987094;0.980018072555961;0.980018072555961;1.02647752215776;0.914855261984243;1.06763764823367;0.998109157449678;0.998109157449678;0.971388876152564;0.863521799020443;1.01167835221454;0.997047433172877;1.00265491204147;1.00160451703773;1.00285453519223;0.995494052552975;0.993444298267509;0.993444298267509;0.985204619783989;1.00414215511821;1.52988862291013;1.52061807965458;1.52061807965458;1.47742169237435;1.46852918003621;1.81180158909062;1.56275635478918;1.43530555367395;1.52301365633609;1.52301365633609;0.977077983780862;0.927596562196626;0.990942591500018;1.01738355185122;0.984807231143926;1.01710018860377;1.00272998347497;1.00272998347497;1.00090898883001;1.00835639415115
D DE (avg) ratio;1.26981240201737;1.26981240201717;1.19822504900611;1.18463655852444;1.18463655852437;1.34221993952249;1.34221993952251;1.23096889616894;1.2309688961688;1.25629933106175;1.14607353076099;1.14607353076121;1.16193960054948;1.10999777290844;1.27216807570396;1.27216807570408;1.15901607260351;1.3523580551164;1.35235805511629;1.20588537118293;1.73314796579225;1.8415288945896;1.83182845669308;1.83182845669294;1.83688474008937;1.83688474008935;1.85687290562464;1.84905429146977;1.84905429146981;1.79999390211044;1.28101550466539;1.36494310291189;1.36494310291189;1.22014941203473;1.19483959372525;1.40395591441529;1.39084641778868;1.235781801403;1.39280632011679;1.30645875829334;1.05393255331887;1.01710625352881;1.10122146761302;1.19579533728864;1.19579533728853;1.4034124431337;1.26861643015472;1.15253473574905;1.18104660693386;1.18104660693388;1.90469198476463;1.69194707895856;1.59735047078182;1.70351507543133;1.89559526976;1.51199886545059;1.82316869353208;1.77400275995134;1.3679540180489;1.85204057999102;1.10506808539711;1.18196023479057;1.18196023479078;1.25831252674952;1.05522991869953;1.23720286177478;1.13170519233205;1.13170519233218;1.04245063134746;1.13741108692457;1.22683123344187;1.14208240917168;1.20708553488257;1.15442053434747;1.23558788156737;1.18786379803602;1.19585223727496;1.19585223727497;1.26928749464956;1.18188208741155;1.7109183299538;1.6737976614858;1.6737976614859;1.64051321668826;1.60130782194033;1.81194385409571;1.7071933205767;1.5385962684587;1.71091423406069;1.7109142340607;1.07264873300709;1.22046875632864;1.03664390693393;1.31680398482385;1.02147911911196;1.13484606218241;1.09744709159141;1.09744709159156;1.00854893545295;1.19777950062042
weights;RandomNormal (1);RandomNormal (2);RandomNormal (1);RandomNormal (2);RandomNormal (1);RandomNormal (2);RandomNormal (1);RandomNormal (2);RandomNormal (1);RandomNormal (2);RandomNormal (1);RandomNormal (2);RandomNormal (1);RandomNormal (2);RandomNormal (1);RandomNormal (2);RandomNormal (1);RandomNormal (2);RandomNormal (1);RandomNormal (2);RandomNormal (1);RandomPearson (2);RandomNormal (1);RandomPearson (2);RandomNormal (1);RandomPearson (2);RandomNormal (1);RandomPearson (2);RandomNormal (1);RandomPearson (2);RandomNormal (1);RandomPearson (2);RandomNormal (1);RandomPearson (2);RandomNormal (1);RandomPearson (2);RandomNormal (1);RandomPearson (2);RandomNormal (1);RandomPearson (2);RandomNormal (1);RandomUniform (2);RandomNormal (1);RandomUniform (2);RandomNormal (1);RandomUniform (2);RandomNormal (1);RandomUniform (2);RandomNormal (1);RandomUniform (2);RandomNormal (1);RandomUniform (2);RandomNormal (1);RandomUniform (2);RandomNormal (1);RandomUniform (2);RandomNormal (1);RandomUniform (2);RandomNormal (1);RandomUniform (2);RandomNormal (1);RandomWeibull (2);RandomNormal (1);RandomWeibull (2);RandomNormal (1);RandomWeibull (2);RandomNormal (1);RandomWeibull (2);RandomNormal (1);RandomWeibull (2);RandomNormal (1);RandomWeibull (2);RandomNormal (1);RandomWeibull (2);RandomNormal (1);RandomWeibull (2);RandomNormal (1);RandomWeibull (2);RandomNormal (1);RandomWeibull (2);RandomPearson (1);RandomPearson (2);RandomPearson (1);RandomPearson (2);RandomPearson (1);RandomPearson (2);RandomPearson (1);RandomPearson (2);RandomPearson (1);RandomPearson (2);RandomPearson (1);RandomPearson (2);RandomPearson (1);RandomPearson (2);RandomPearson (1);RandomPearson (2);RandomPearson (1);RandomPearson (2);RandomPearson (1);RandomPearson (2);RandomPearson (1);RandomUniform (2);RandomPearson (1);RandomUniform (2);RandomPearson (1);RandomUniform (2);RandomPearson (1);RandomUniform (2);RandomPearson (1);RandomUniform (2);RandomPearson (1);RandomUniform (2);RandomPearson (1);RandomUniform (2);RandomPearson (1);RandomUniform (2);RandomPearson (1);RandomUniform (2);RandomPearson (1);RandomUniform (2);RandomPearson (1);RandomWeibull (2);RandomPearson (1);RandomWeibull (2);RandomPearson (1);RandomWeibull (2);RandomPearson (1);RandomWeibull (2);RandomPearson (1);RandomWeibull (2);RandomPearson (1);RandomWeibull (2);RandomPearson (1);RandomWeibull (2);RandomPearson (1);RandomWeibull (2);RandomPearson (1);RandomWeibull (2);RandomPearson (1);RandomWeibull (2);RandomUniform (1);RandomUniform (2);RandomUniform (1);RandomUniform (2);RandomUniform (1);RandomUniform (2);RandomUniform (1);RandomUniform (2);RandomUniform (1);RandomUniform (2);RandomUniform (1);RandomUniform (2);RandomUniform (1);RandomUniform (2);RandomUniform (1);RandomUniform (2);RandomUniform (1);RandomUniform (2);RandomUniform (1);RandomUniform (2);RandomUniform (1);RandomWeibull (2);RandomUniform (1);RandomWeibull (2);RandomUniform (1);RandomWeibull (2);RandomUniform (1);RandomWeibull (2);RandomUniform (1);RandomWeibull (2);RandomUniform (1);RandomWeibull (2);RandomUniform (1);RandomWeibull (2);RandomUniform (1);RandomWeibull (2);RandomUniform (1);RandomWeibull (2);RandomUniform (1);RandomWeibull (2);RandomWeibull (1);RandomWeibull (2);RandomWeibull (1);RandomWeibull (2);RandomWeibull (1);RandomWeibull (2);RandomWeibull (1);RandomWeibull (2);RandomWeibull (1);RandomWeibull (2);RandomWeibull (1);RandomWeibull (2);RandomWeibull (1);RandomWeibull (2);RandomWeibull (1);RandomWeibull (2);RandomWeibull (1);RandomWeibull (2);RandomWeibull (1);RandomWeibull (2)
W PCA;0.614593050514835;0.385406949485165;0.614593050514835;0.385406949485165;0.567158633857828;0.432841366142172;0.483906185306995;0.516093814693005;0.483906185306995;0.516093814693005;0.34871372444697;0.65128627555303;0.34871372444697;0.65128627555303;0.447127904498321;0.552872095501679;0.447127904498321;0.552872095501679;0.411075188329485;0.588924811670515;0.302473841807286;0.697526158192714;0.302473841807286;0.697526158192714;0.513249753918945;0.486750246081055;0.239844831464106;0.760155168535894;0.418962119822357;0.581037880177643;0.418962119822357;0.581037880177643;0.144459286266;0.855540713734;0.319298919802956;0.680701080197044;0.319298919802956;0.680701080197044;0.431459175298105;0.568540824701895;0.895668096948821;0.104331903051179;0.932799497571662;0.0672005024283379;0.909208638729711;0.0907913612702893;0.909208638729711;0.0907913612702893;0.925607141591386;0.0743928584086138;0.925607141591386;0.0743928584086138;0.928815394161715;0.0711846058382849;0.936130190879258;0.0638698091207418;0.936130190879258;0.0638698091207418;0.928007112399175;0.0719928876008248;0.6608740979267;0.339125902073299;0.660320964052492;0.339679035947508;0.660320964052492;0.339679035947508;0.575925592507145;0.424074407492855;0.485184236871773;0.514815763128227;0.544320860524732;0.455679139475268;0.541391293300821;0.458608706699179;0.50526231518653;0.49473768481347;0.697663321453931;0.302336678546069;0.475801739558393;0.524198260441607;0.304059358991359;0.695940641008641;0.698610352297624;0.301389647702376;0.492891830648029;0.507108169351971;0.625832804745609;0.374167195254391;0.625832804745609;0.374167195254391;0.901417889682402;0.0985821103175979;0.710310455439428;0.289689544560572;0.721690527663645;0.278309472336355;0.332785520859363;0.667214479140636;0.332785520859363;0.667214479140636;0.999828502217242;0.000171497782758309;0.999978109130039;2.18908699604814E-05;0.936707400775501;0.0632925992244989;0.943711295431056;0.0562887045689439;0.999938622172957;6.13778270429974E-05;0.998407721794492;0.00159227820550805;0.999952491006726;4.75089932742794E-05;0.938797435673718;0.0612025643262822;0.942896822376004;0.0571031776239955;0.998507999245047;0.00149200075495352;0.803361558809247;0.196638441190753;0.805627937827693;0.194372062172307;0.805627937827693;0.194372062172307;0.69853007778027;0.30146992221973;0.698773232311941;0.301226767688059;0.742176635884301;0.257823364115699;0.471433383913201;0.528566616086799;0.471433383913201;0.528566616086799;0.697712390079328;0.302287609920672;0.657563801603574;0.342436198396426;0.574974145965794;0.425025854034206;0.496391601683108;0.503608398316892;0.464006846484275;0.535993153515725;0.507251069253034;0.492748930746966;0.470797271607459;0.529202728392541;0.546691215011943;0.453308784988057;0.437891902994779;0.562108097005221;0.437891902994779;0.562108097005221;0.608489529662666;0.391510470337334;0.493995583351151;0.506004416648849;0.107780846295462;0.892219153704538;0.0937824982969173;0.906217501703083;0.0937824982969173;0.906217501703083;0.100708073933388;0.899291926066612;0.0834907808944376;0.916509219105562;7.85152468771193E-05;0.999921484753123;0.0848947533757977;0.915105246624202;0.0726972670852422;0.927302732914758;0.112002004070669;0.887997995929331;0.112002004070669;0.887997995929331;0.597529161550813;0.402470838449187;0.625696464461368;0.374303535538632;0.596892228961397;0.403107771038603;0.584788419509862;0.415211580490138;0.556233092369501;0.443766907630499;0.602232417839511;0.397767582160489;0.439374457667092;0.560625542332908;0.439374457667092;0.560625542332908;0.457797886541428;0.542202113458573;0.468024589058761;0.531975410941239
W DE (avg);0.999999999999991;8.59248986022077E-15;0.999999999999831;1.69042115689465E-13;0.999999999999983;1.65747127725221E-14;2.34709670885954E-14;0.999999999999977;8.1611316906326E-14;0.999999999999919;5.39461468873205E-14;0.999999999999946;4.13078594945059E-14;0.999999999999959;4.47839951513608E-14;0.999999999999955;1.55737929359426E-13;0.999999999999844;7.4641852446158E-14;0.999999999999925;0.999999999999718;2.82355734043203E-13;0.999999999999915;8.5300388407079E-14;0.999999999999966;3.39046016720628E-14;0.999999999990975;9.0247835696121E-12;0.999999999999902;9.8177574153957E-14;0.999999999999998;2.55336086411379E-15;0.760938858054559;0.239061141945441;0.999999999999956;4.44069539291275E-14;0.999999999999875;1.2528933532343E-13;0.999999999999977;2.24785570075811E-14;0.999999999999801;1.99197956260469E-13;0.999999999999877;1.22825297518754E-13;0.999999999999955;4.50683453193532E-14;0.999999999999876;1.23961547841482E-13;0.999999999999959;4.0622912517494E-14;0.99999999999995;4.98706121686311E-14;0.999999999999904;9.57842493561636E-14;0.999999999999969;3.04724113273115E-14;0.99999999999999;9.58486648460857E-15;0.999999999999973;2.74000853876219E-14;0.999999999999962;3.82078521267983E-14;0.999999999999993;6.57196531259007E-15;0.999999999999993;6.44067146941741E-15;0.999999999999904;9.64560871781851E-14;0.999999999999986;1.42093303896563E-14;0.999999999999996;3.82661472652586E-15;0.999999999999986;1.40043419423868E-14;0.999999999999995;5.31397532869142E-15;0.999999999999999;4.60070431266083E-16;0.99999999999999;1.01741607494027E-14;0.787439567733013;0.212560432266987;0.555387730420667;0.444612269579333;0.242021585289488;0.757978414710512;0.999999999999993;6.89954746141378E-15;0.9999999999999;1.00444140889864E-13;0.999999999999975;2.46633429522207E-14;7.113424391278E-14;0.999999999999929;0.999999999999945;5.52460437349394E-14;1.02309404134165E-13;0.999999999999898;8.59986197762659E-14;0.999999999999914;0.999999999999941;5.90472098413842E-14;0.999999999999982;1.75481361855679E-14;0.999999999999807;1.92679580260811E-13;0.999999999999977;2.29337039723877E-14;0.999999999999983;1.66359513491835E-14;0.999999999999971;2.91059014011729E-14;0.999999999999909;9.08727608565242E-14;0.999999999999988;1.23235631889877E-14;0.999999999999978;2.2418780996503E-14;0.999999999999985;1.52900593238276E-14;0.257982641751643;0.742017358248357;0.999999999999793;2.06958871045016E-13;0.999999999999972;2.76923288065164E-14;0.999999999999993;7.1668668702403E-15;0.999999999982353;1.76464866493924E-11;0.999999999999975;2.48938596119369E-14;1.27634346670086E-13;0.999999999999872;1.02058614216091E-14;0.99999999999999;0.999999999952199;4.7800608528821E-11;0.271052858823088;0.728947141176912;0.999999999999769;2.31260720339465E-13;0.20000000000001;0.79999999999999;4.03492433928594E-14;0.99999999999996;0.999999941999106;5.80008935872829E-08;7.63194454027176E-14;0.999999999999924;0.99999999999994;5.98050685217226E-14;3.84171260860702E-14;0.999999999999962;3.58786073552138E-14;0.999999999999964;0.999999999999978;2.22484264023316E-14;1.50956394023171E-13;0.999999999999849;2.88003995224039E-14;0.999999999999971;8.90074648064105E-14;0.999999999999911;3.24690262150613E-14;0.999999999999967;5.82304839664516E-14;0.999999999999942;6.15664815073378E-14;0.999999999999938;2.0133821383034E-14;0.99999999999998;1.1344159896325E-13;0.999999999999887;8.96327361113096E-15;0.999999999999991;1.98114684630356E-14;0.99999999999998;1.37858209484649E-14;0.999999999999986;1.67309649152196E-14;0.999999999999983;1.61675877416892E-14;0.999999999999984;0.999999999981678;1.83219652200301E-11;0.999999999999968;3.18264998239398E-14;0.456371667175966;0.543628332824034;0.999999999999955;4.53356395521303E-14;2.35837597206538E-13;0.999999999999764;9.76805718359662E-14;0.999999999999902;0.466611717329365;0.533388282670635;0.999999999999977;2.31497982124962E-14
