TITLE;Differential evolution variants
FOCUS ON;
EXPERIMENT TYPE;DEVariants
PARAMETERS
normalization;Center
pcaRecompositionThreshold;0.95
component;;;;;;;;;1;2;3;4;5;6;7;8;9;10;11;12;13;14
type;;;;;;;;;RandomUniform;RandomPearson;RandomWeibull;RandomNormal;RandomUniform;RandomWeibull;RandomNormal;RandomNormal;RandomNormal;RandomWeibull;RandomWeibull;RandomUniform;RandomPearson;RandomNormal
p1;;;;;;;;;0;10;0;0;0;0;0;0;0;0;0;0;1;0
p2;;;;;;;;;10;0;0.1;10;5;0.2;5;5;5;0.2;5;1;0;1
RESULTS
COMMON
distance
which;Euclidean(MinimumTimesMedian)
plain;4.0054
PCA;3.2506E-11
PCA
weights;;;;;;;;;1.5556E-14;3.8907E-14;1;8.2524E-13;2.4646E-14;4.8042E-11;1.5152E-14;1.1082E-14;1.4424E-13;2.9546E-13;3.3542E-19;2.0353E-16;7.8622E-16;1.8686E-14;7.6821E-16
differential evolutions parameters, by distance type
i;dDE / dP;distance;type;parentWeight;crossover;population;iterations;distance;weights ->
1;5.2774;21.138;3;1;0.1;150;150;Euclidean(MinimumTimesMedian);0.0023475;0.00032117;0.081355;0.08092;4.2975E-07;0.3119;0.11999;0.04585;0.2366;0.11609;1.8019E-05;6.9056E-06;0.0024358;0.00039201;0.0017767
2;5.1034;20.441;3;1;0.1;150;150;Euclidean(MinimumTimesMedian);0.0014107;0.0012574;0.078949;0.093527;5.1053E-05;0.26025;0.13946;0.063427;0.25584;0.10481;0.00010967;8.6434E-06;2.943E-05;0.0004185;0.0004565
3;4.9867;19.974;3;1;0.1;150;150;Euclidean(MinimumTimesMedian);0.00058756;9.7312E-07;0.29201;0.13521;0.00031133;0.11423;0.10039;0.059511;0.21231;0.08533;7.8532E-06;5.3916E-05;3.5448E-05;1.3762E-05;1.7327E-06
4;5.224;20.924;3;1;0.1;150;150;Euclidean(MinimumTimesMedian);2.1906E-05;3.5328E-06;0.076822;0.08888;6.2144E-05;0.29057;0.1145;0.085148;0.22714;0.11573;0.00088622;3.4178E-05;2.3175E-06;7.8715E-05;0.00011372
5;4.8395;19.384;3;1;0.1;150;150;Euclidean(MinimumTimesMedian);5.2049E-07;8.4377E-05;0.23327;0.12982;0.00084502;0.107;0.086511;0.080575;0.22147;0.13955;8.0271E-05;1.9396E-05;0.00056405;8.048E-05;0.00013548
6;5.3213;21.314;3;1;0.1;150;150;Euclidean(MinimumTimesMedian);5.8028E-05;0.00017438;0.080054;0.081535;1.3835E-05;0.31655;0.11983;0.047228;0.23516;0.11701;0.00049433;0.0013944;0.00017336;6.819E-05;0.00025288
7;4.6537;18.64;3;1;0.1;150;175;Euclidean(MinimumTimesMedian);0.079192;0.1692;0.24288;0.088362;7.8404E-05;0.11533;2.5942E-07;0.15695;5.3695E-06;0.14737;0.00048695;1.3102E-05;0.00012672;2.5176E-06;3.1704E-06
8;4.8574;19.456;3;1;0.1;150;175;Euclidean(MinimumTimesMedian);6.8047E-06;7.6639E-06;0.24624;0.14898;2.6896E-06;0.11724;0.078493;0.054324;0.20559;0.14829;0.00032251;0.00017014;0.00024998;8.9891E-06;7.5359E-05
9;4.8051;19.246;3;1;0.25;150;150;Euclidean(MinimumTimesMedian);5.6307E-07;3.2126E-07;0.19251;0.11158;5.6964E-06;0.11195;0.11034;0.061135;0.20312;0.20934;2.7941E-07;1.3398E-05;9.2235E-08;1.5874E-06;3.3795E-06
10;5.37;21.509;3;1;0.25;150;150;Euclidean(MinimumTimesMedian);4.9219E-07;9.9066E-08;0.082665;0.080303;1.4307E-05;0.31918;0.12256;0.043542;0.23338;0.11833;5.2777E-07;2.2011E-06;1.7512E-06;1.3098E-05;1.5751E-05
11;5.2106;20.87;3;1;0.1;150;175;Euclidean(MinimumTimesMedian);4.608E-05;2.4865E-06;0.077377;0.083071;1.194E-06;0.30776;0.099716;0.06229;0.25948;0.10878;0.0010818;2.3444E-06;0.00021193;0.00016114;5.1145E-06
12;5.3426;21.399;3;1;0.1;150;175;Euclidean(MinimumTimesMedian);5.5824E-05;0.00024034;0.075672;0.087244;6.3625E-05;0.29521;0.13319;0.055078;0.24323;0.10959;0.00035984;2.7372E-05;2.3416E-06;3.6911E-06;2.5517E-05
13;4.7986;19.22;3;1;0.1;150;175;Euclidean(MinimumTimesMedian);1.6415E-05;1.8772E-06;0.19234;0.11229;1.152E-07;0.11252;0.11089;0.059725;0.20266;0.20934;9.4613E-05;0.00010756;1.9134E-06;9.3134E-06;1.9827E-06
14;5.0557;20.25;3;1;0.25;150;150;Euclidean(MinimumTimesMedian);5.6429E-07;4.653E-06;0.29585;0.11624;3.4674E-08;0.11442;0.11348;0.061731;0.21088;0.087384;8.4621E-07;3.9849E-07;2.5115E-06;3.2187E-08;1.1464E-06
15;5.3041;21.245;3;1;0.1;150;175;Euclidean(MinimumTimesMedian);0.00033796;4.1727E-05;0.075431;0.090324;1.6409E-05;0.28348;0.13904;0.064451;0.23496;0.11148;0.0001593;2.3984E-05;0.0001476;5.5394E-05;5.5346E-05
16;5.2538;21.043;3;1;0.25;150;150;Euclidean(MinimumTimesMedian);5.1822E-06;0.00070258;0.074445;0.090738;2.2303E-06;0.29666;0.14089;0.068042;0.23033;0.097879;4.3051E-07;1.0706E-05;0.00010969;3.8087E-05;0.0001481
17;5.0494;20.225;3;1;0.25;150;150;Euclidean(MinimumTimesMedian);2.599E-07;7.5864E-06;0.29667;0.11532;9.3147E-08;0.11484;0.11299;0.062477;0.2102;0.087487;9.0961E-06;1.2852E-07;2.9699E-07;1.3071E-06;5.7905E-07
18;4.997;20.015;3;1;0.25;150;150;Euclidean(MinimumTimesMedian);0.078498;0.18874;0.070409;0.10458;4.1375E-11;0.26701;5.1442E-10;0.18405;2.7127E-10;0.10671;1.8968E-10;7.2269E-10;1.7209E-10;5.8797E-11;2.7743E-10
19;4.8624;19.476;3;1;0.25;150;175;Euclidean(MinimumTimesMedian);1.6985E-06;9.4306E-07;0.2557;0.096787;9.7018E-07;0.13114;0.11043;0.056589;0.19692;0.15242;8.7628E-06;7.4669E-07;6.8952E-07;1.1212E-06;3.0439E-07
20;4.9014;19.632;3;1;0.25;150;175;Euclidean(MinimumTimesMedian);1.2181E-09;5.4953E-09;0.23987;0.1596;4.2264E-09;0.11156;0.081263;0.057387;0.20523;0.14509;1.7805E-10;2.0989E-08;4.5862E-12;1.2879E-09;3.9712E-08
21;4.7669;19.093;3;1;0.25;150;175;Euclidean(MinimumTimesMedian);2.349E-07;0.1306;0.23971;0.14172;4.0396E-07;0.11148;0.099438;1.8359E-07;0.1319;0.14515;1.6737E-10;6.5124E-07;1.1607E-06;1.337E-07;9.0446E-08
22;5.0431;20.2;3;1;0.25;150;175;Euclidean(MinimumTimesMedian);1.039E-06;8.0441E-07;0.29021;0.11912;5.3922E-07;0.11384;0.11498;0.062424;0.21444;0.084945;1.8954E-05;1.1839E-05;6.2792E-08;1.5779E-07;3.3055E-06
23;4.7918;19.193;3;1;0.25;150;175;Euclidean(MinimumTimesMedian);9.9255E-07;3.46E-09;0.18761;0.11472;3.1883E-08;0.10899;0.087908;0.088543;0.20802;0.2042;1.5563E-06;4.2312E-06;2.0108E-08;2.3387E-07;3.4529E-08
24;4.7669;19.093;3;1;0.25;150;175;Euclidean(MinimumTimesMedian);1.4155E-10;0.15503;0.237;0.1312;6.8112E-09;0.10965;0.088602;8.4194E-08;0.13481;0.14372;4.6113E-11;1.1902E-08;1.3455E-07;6.5602E-11;1.3635E-08
25;5.3591;21.465;3;1;0.5;150;150;Euclidean(MinimumTimesMedian);1.4149E-14;2.902E-15;0.078627;0.087001;8.7964E-15;0.30366;0.13343;0.06509;0.21963;0.11256;1.3345E-14;5.2214E-14;2.9495E-15;3.959E-15;2.0265E-15
26;5.2281;20.94;3;1;0.5;150;150;Euclidean(MinimumTimesMedian);6.0466E-19;3.6426E-17;0.074524;0.093843;9.9073E-20;0.27149;0.14179;0.065051;0.24555;0.10627;3.5766E-17;1.2911E-17;0.0014799;5.0586E-17;5.801E-17
27;4.3812;17.548;3;1;0.5;150;150;Euclidean(MinimumTimesMedian);1.4082E-13;0.082859;0.17615;0.1137;9.2023E-14;0.10196;0.11544;0.040373;0.17757;0.19194;2.2946E-14;6.0584E-13;2.1308E-12;1.7016E-12;4.8733E-13
28;5.0623;20.276;3;1;0.5;150;150;Euclidean(MinimumTimesMedian);1.0611E-09;9.1274E-08;0.31735;0.10132;5.094E-12;0.12453;0.11072;0.057249;0.19679;0.092034;2.2764E-08;4.3254E-08;4.3161E-09;5.7027E-09;9.4857E-11
29;4.9169;19.694;3;1;0.5;150;150;Euclidean(MinimumTimesMedian);5.0852E-17;2.379E-15;0.24058;0.11426;6.4767E-18;0.11234;0.093423;0.084768;0.20904;0.1456;3.3719E-15;1.0964E-15;6.4626E-16;6.7832E-15;5.4075E-16
30;5.3296;21.347;3;1;0.5;150;150;Euclidean(MinimumTimesMedian);2.8118E-11;2.4371E-13;0.079743;0.077191;6.7395E-11;0.30651;0.10596;0.053097;0.2632;0.1143;5.0989E-13;6.5159E-11;3.3406E-14;1.4596E-11;2.4283E-11
31;4.7959;19.209;3;1;0.5;150;175;Euclidean(MinimumTimesMedian);2.7467E-20;2.8944E-17;0.19077;0.11263;5.1709E-18;0.11161;0.10906;0.064276;0.20447;0.20717;6.4808E-18;2.4727E-18;1.5414E-17;2.9194E-17;7.3049E-17
32;4.4258;17.727;3;1;0.5;150;175;Euclidean(MinimumTimesMedian);0.077975;0.13864;0.17267;0.14351;4.1439E-09;0.10015;0.044246;1.6617E-13;0.13479;0.18802;5.7711E-11;2.2056E-09;7.4826E-10;3.1821E-09;5.6383E-11
33;4.8612;19.471;3;1;0.5;150;175;Euclidean(MinimumTimesMedian);5.8327E-18;9.2929E-17;0.24411;0.11151;6.6742E-18;0.11229;0.094073;0.065714;0.22213;0.15017;4.2709E-17;2.3763E-17;2.7744E-19;9.2089E-19;2.9004E-19
34;4.8852;19.567;3;1;0.5;150;175;Euclidean(MinimumTimesMedian);1.2405E-12;0.12285;0.31666;0.15216;3.5695E-11;0.12441;0.072881;1.3686E-11;0.11904;0.091997;2.6746E-10;4.0054E-14;6.3893E-11;3.3449E-11;2.5035E-10
35;4.797;19.214;3;1;0.5;150;175;Euclidean(MinimumTimesMedian);3.3493E-13;2.2327E-11;0.19652;0.10535;4.742E-11;0.11409;0.083749;0.087369;0.19905;0.21386;7.9912E-11;6.6698E-11;1.4167E-11;7.7124E-11;2.8618E-11
36;4.7731;19.118;3;1;0.5;150;175;Euclidean(MinimumTimesMedian);2.3197E-21;3.6214E-24;0.18655;0.12074;1.5438E-17;0.10772;0.087008;0.086542;0.20848;0.20297;4.3157E-19;1.2132E-17;3.4314E-19;5.6001E-19;1.0015E-17
differential evolutions parameters, by distance
i;dDE / dP;distance;type;parentWeight;crossover;population;iterations;distance;weights ->
1;4.3812;17.548;3;1;0.5;150;150;Euclidean(MinimumTimesMedian);1.4082E-13;0.082859;0.17615;0.1137;9.2023E-14;0.10196;0.11544;0.040373;0.17757;0.19194;2.2946E-14;6.0584E-13;2.1308E-12;1.7016E-12;4.8733E-13
2;4.4258;17.727;3;1;0.5;150;175;Euclidean(MinimumTimesMedian);0.077975;0.13864;0.17267;0.14351;4.1439E-09;0.10015;0.044246;1.6617E-13;0.13479;0.18802;5.7711E-11;2.2056E-09;7.4826E-10;3.1821E-09;5.6383E-11
3;4.6537;18.64;3;1;0.1;150;175;Euclidean(MinimumTimesMedian);0.079192;0.1692;0.24288;0.088362;7.8404E-05;0.11533;2.5942E-07;0.15695;5.3695E-06;0.14737;0.00048695;1.3102E-05;0.00012672;2.5176E-06;3.1704E-06
4;4.7669;19.093;3;1;0.25;150;175;Euclidean(MinimumTimesMedian);1.4155E-10;0.15503;0.237;0.1312;6.8112E-09;0.10965;0.088602;8.4194E-08;0.13481;0.14372;4.6113E-11;1.1902E-08;1.3455E-07;6.5602E-11;1.3635E-08
5;4.7669;19.093;3;1;0.25;150;175;Euclidean(MinimumTimesMedian);2.349E-07;0.1306;0.23971;0.14172;4.0396E-07;0.11148;0.099438;1.8359E-07;0.1319;0.14515;1.6737E-10;6.5124E-07;1.1607E-06;1.337E-07;9.0446E-08
6;4.7731;19.118;3;1;0.5;150;175;Euclidean(MinimumTimesMedian);2.3197E-21;3.6214E-24;0.18655;0.12074;1.5438E-17;0.10772;0.087008;0.086542;0.20848;0.20297;4.3157E-19;1.2132E-17;3.4314E-19;5.6001E-19;1.0015E-17
7;4.7918;19.193;3;1;0.25;150;175;Euclidean(MinimumTimesMedian);9.9255E-07;3.46E-09;0.18761;0.11472;3.1883E-08;0.10899;0.087908;0.088543;0.20802;0.2042;1.5563E-06;4.2312E-06;2.0108E-08;2.3387E-07;3.4529E-08
8;4.7959;19.209;3;1;0.5;150;175;Euclidean(MinimumTimesMedian);2.7467E-20;2.8944E-17;0.19077;0.11263;5.1709E-18;0.11161;0.10906;0.064276;0.20447;0.20717;6.4808E-18;2.4727E-18;1.5414E-17;2.9194E-17;7.3049E-17
9;4.797;19.214;3;1;0.5;150;175;Euclidean(MinimumTimesMedian);3.3493E-13;2.2327E-11;0.19652;0.10535;4.742E-11;0.11409;0.083749;0.087369;0.19905;0.21386;7.9912E-11;6.6698E-11;1.4167E-11;7.7124E-11;2.8618E-11
10;4.7986;19.22;3;1;0.1;150;175;Euclidean(MinimumTimesMedian);1.6415E-05;1.8772E-06;0.19234;0.11229;1.152E-07;0.11252;0.11089;0.059725;0.20266;0.20934;9.4613E-05;0.00010756;1.9134E-06;9.3134E-06;1.9827E-06
11;4.8051;19.246;3;1;0.25;150;150;Euclidean(MinimumTimesMedian);5.6307E-07;3.2126E-07;0.19251;0.11158;5.6964E-06;0.11195;0.11034;0.061135;0.20312;0.20934;2.7941E-07;1.3398E-05;9.2235E-08;1.5874E-06;3.3795E-06
12;4.8395;19.384;3;1;0.1;150;150;Euclidean(MinimumTimesMedian);5.2049E-07;8.4377E-05;0.23327;0.12982;0.00084502;0.107;0.086511;0.080575;0.22147;0.13955;8.0271E-05;1.9396E-05;0.00056405;8.048E-05;0.00013548
13;4.8574;19.456;3;1;0.1;150;175;Euclidean(MinimumTimesMedian);6.8047E-06;7.6639E-06;0.24624;0.14898;2.6896E-06;0.11724;0.078493;0.054324;0.20559;0.14829;0.00032251;0.00017014;0.00024998;8.9891E-06;7.5359E-05
14;4.8612;19.471;3;1;0.5;150;175;Euclidean(MinimumTimesMedian);5.8327E-18;9.2929E-17;0.24411;0.11151;6.6742E-18;0.11229;0.094073;0.065714;0.22213;0.15017;4.2709E-17;2.3763E-17;2.7744E-19;9.2089E-19;2.9004E-19
15;4.8624;19.476;3;1;0.25;150;175;Euclidean(MinimumTimesMedian);1.6985E-06;9.4306E-07;0.2557;0.096787;9.7018E-07;0.13114;0.11043;0.056589;0.19692;0.15242;8.7628E-06;7.4669E-07;6.8952E-07;1.1212E-06;3.0439E-07
16;4.8852;19.567;3;1;0.5;150;175;Euclidean(MinimumTimesMedian);1.2405E-12;0.12285;0.31666;0.15216;3.5695E-11;0.12441;0.072881;1.3686E-11;0.11904;0.091997;2.6746E-10;4.0054E-14;6.3893E-11;3.3449E-11;2.5035E-10
17;4.9014;19.632;3;1;0.25;150;175;Euclidean(MinimumTimesMedian);1.2181E-09;5.4953E-09;0.23987;0.1596;4.2264E-09;0.11156;0.081263;0.057387;0.20523;0.14509;1.7805E-10;2.0989E-08;4.5862E-12;1.2879E-09;3.9712E-08
18;4.9169;19.694;3;1;0.5;150;150;Euclidean(MinimumTimesMedian);5.0852E-17;2.379E-15;0.24058;0.11426;6.4767E-18;0.11234;0.093423;0.084768;0.20904;0.1456;3.3719E-15;1.0964E-15;6.4626E-16;6.7832E-15;5.4075E-16
19;4.9867;19.974;3;1;0.1;150;150;Euclidean(MinimumTimesMedian);0.00058756;9.7312E-07;0.29201;0.13521;0.00031133;0.11423;0.10039;0.059511;0.21231;0.08533;7.8532E-06;5.3916E-05;3.5448E-05;1.3762E-05;1.7327E-06
20;4.997;20.015;3;1;0.25;150;150;Euclidean(MinimumTimesMedian);0.078498;0.18874;0.070409;0.10458;4.1375E-11;0.26701;5.1442E-10;0.18405;2.7127E-10;0.10671;1.8968E-10;7.2269E-10;1.7209E-10;5.8797E-11;2.7743E-10
21;5.0431;20.2;3;1;0.25;150;175;Euclidean(MinimumTimesMedian);1.039E-06;8.0441E-07;0.29021;0.11912;5.3922E-07;0.11384;0.11498;0.062424;0.21444;0.084945;1.8954E-05;1.1839E-05;6.2792E-08;1.5779E-07;3.3055E-06
22;5.0494;20.225;3;1;0.25;150;150;Euclidean(MinimumTimesMedian);2.599E-07;7.5864E-06;0.29667;0.11532;9.3147E-08;0.11484;0.11299;0.062477;0.2102;0.087487;9.0961E-06;1.2852E-07;2.9699E-07;1.3071E-06;5.7905E-07
23;5.0557;20.25;3;1;0.25;150;150;Euclidean(MinimumTimesMedian);5.6429E-07;4.653E-06;0.29585;0.11624;3.4674E-08;0.11442;0.11348;0.061731;0.21088;0.087384;8.4621E-07;3.9849E-07;2.5115E-06;3.2187E-08;1.1464E-06
24;5.0623;20.276;3;1;0.5;150;150;Euclidean(MinimumTimesMedian);1.0611E-09;9.1274E-08;0.31735;0.10132;5.094E-12;0.12453;0.11072;0.057249;0.19679;0.092034;2.2764E-08;4.3254E-08;4.3161E-09;5.7027E-09;9.4857E-11
25;5.1034;20.441;3;1;0.1;150;150;Euclidean(MinimumTimesMedian);0.0014107;0.0012574;0.078949;0.093527;5.1053E-05;0.26025;0.13946;0.063427;0.25584;0.10481;0.00010967;8.6434E-06;2.943E-05;0.0004185;0.0004565
26;5.2106;20.87;3;1;0.1;150;175;Euclidean(MinimumTimesMedian);4.608E-05;2.4865E-06;0.077377;0.083071;1.194E-06;0.30776;0.099716;0.06229;0.25948;0.10878;0.0010818;2.3444E-06;0.00021193;0.00016114;5.1145E-06
27;5.224;20.924;3;1;0.1;150;150;Euclidean(MinimumTimesMedian);2.1906E-05;3.5328E-06;0.076822;0.08888;6.2144E-05;0.29057;0.1145;0.085148;0.22714;0.11573;0.00088622;3.4178E-05;2.3175E-06;7.8715E-05;0.00011372
28;5.2281;20.94;3;1;0.5;150;150;Euclidean(MinimumTimesMedian);6.0466E-19;3.6426E-17;0.074524;0.093843;9.9073E-20;0.27149;0.14179;0.065051;0.24555;0.10627;3.5766E-17;1.2911E-17;0.0014799;5.0586E-17;5.801E-17
29;5.2538;21.043;3;1;0.25;150;150;Euclidean(MinimumTimesMedian);5.1822E-06;0.00070258;0.074445;0.090738;2.2303E-06;0.29666;0.14089;0.068042;0.23033;0.097879;4.3051E-07;1.0706E-05;0.00010969;3.8087E-05;0.0001481
30;5.2774;21.138;3;1;0.1;150;150;Euclidean(MinimumTimesMedian);0.0023475;0.00032117;0.081355;0.08092;4.2975E-07;0.3119;0.11999;0.04585;0.2366;0.11609;1.8019E-05;6.9056E-06;0.0024358;0.00039201;0.0017767
31;5.3041;21.245;3;1;0.1;150;175;Euclidean(MinimumTimesMedian);0.00033796;4.1727E-05;0.075431;0.090324;1.6409E-05;0.28348;0.13904;0.064451;0.23496;0.11148;0.0001593;2.3984E-05;0.0001476;5.5394E-05;5.5346E-05
32;5.3213;21.314;3;1;0.1;150;150;Euclidean(MinimumTimesMedian);5.8028E-05;0.00017438;0.080054;0.081535;1.3835E-05;0.31655;0.11983;0.047228;0.23516;0.11701;0.00049433;0.0013944;0.00017336;6.819E-05;0.00025288
33;5.3296;21.347;3;1;0.5;150;150;Euclidean(MinimumTimesMedian);2.8118E-11;2.4371E-13;0.079743;0.077191;6.7395E-11;0.30651;0.10596;0.053097;0.2632;0.1143;5.0989E-13;6.5159E-11;3.3406E-14;1.4596E-11;2.4283E-11
34;5.3426;21.399;3;1;0.1;150;175;Euclidean(MinimumTimesMedian);5.5824E-05;0.00024034;0.075672;0.087244;6.3625E-05;0.29521;0.13319;0.055078;0.24323;0.10959;0.00035984;2.7372E-05;2.3416E-06;3.6911E-06;2.5517E-05
35;5.3591;21.465;3;1;0.5;150;150;Euclidean(MinimumTimesMedian);1.4149E-14;2.902E-15;0.078627;0.087001;8.7964E-15;0.30366;0.13343;0.06509;0.21963;0.11256;1.3345E-14;5.2214E-14;2.9495E-15;3.959E-15;2.0265E-15
36;5.37;21.509;3;1;0.25;150;150;Euclidean(MinimumTimesMedian);4.9219E-07;9.9066E-08;0.082665;0.080303;1.4307E-05;0.31918;0.12256;0.043542;0.23338;0.11833;5.2777E-07;2.2011E-06;1.7512E-06;1.3098E-05;1.5751E-05
population
1;8.1502;8.974;0.00083725;-15.616;4.054;5.8332;0.64135;2.8021;0.62534;4.8473E-06;0.56693;0.84046;1.3865;-0.51334;0.73457
2;1.0953;6.0819;3.0988E-05;-5.3871;4.5641;0.079059;11.433;7.6746;2.5027;0.0048034;1.2299;0.019971;0.0022814;1.8641;0.42858
3;7.8538;9.0608;10.944;-10.538;2.6539;0.24711;-0.34431;-7.9833;-0.85605;0.00015353;1.0565;0.98827;0.081359;-0.28526;-1.3961
4;7.2694;9.5457;5.9403E-16;-0.21234;4.4547;0.012634;6.5596;3.9879;-4.2888;0.21768;1.3524;0.35539;0.84435;-2.6277;-0.87076
5;3.6225;15.902;1.9245E-16;1.6849;4.4595;0.0011595;0.94643;-6.1655;4.6978;0.0078726;0.91725;0.68285;1.2201;-0.072687;-0.62336
6;4.0827;7.9866;3.248E-09;8.7437;1.0237;3.1978E-05;0.25724;-5.728;-3.421;5.0161E-06;1.3591;0.85902;0.14371;-0.4498;0.36677
7;7.3595;17.863;2.0115E-13;-14.155;2.715;0.0002991;-3.7417;10.545;8.4482;0.9445;1.1999;0.50544;0.31433;-0.4106;-0.19875
8;4.0809;8.8273;0.78499;-2.003;0.61425;11.105;3.584;10.088;-1.7754;0.024221;0.83298;0.6728;2.3735;-0.40401;-1.4945
9;1.9675;11.821;9.8192E-07;2.2055;0.18547;0.030614;-7.5702;7.3959;-4.6338;17.701;0.42223;0.72313;0.041391;-0.74866;-0.39674
10;5.1234;5.9115;0.25072;-5.1982;3.5495;0.11905;-8.2118;4.1957;2.31;0.012442;0.51318;0.28362;0.085411;1.4559;0.65934
11;9.6571;8.9738;5.2328E-15;10.634;2.7822;14.33;-2.3183;8.3049;0.5521;8.4703;0.53098;0.012295;2.0552;0.34464;-1.7081
12;9.1378;9.255;1.577E-08;2.31;4.1845;0.065763;-0.85749;10.234;-0.5535;0.40432;0.60495;0.7755;0.00014762;0.18977;1.1094
13;6.6529;14.026;1326.8;3.9604;4.4987;138.09;-3.9345;-3.9294;-1.6581;0.24593;0.87129;0.31195;1.9255;0.42246;-0.59446
14;1.472;14.01;18.871;-5.4047;4.4741;0.0011687;-0.0016051;-0.32351;4.5706;4.0536E-09;0.93437;0.88281;2.0035;-0.97352;0.62598
15;9.0906;8.4176;165.86;-11.966;2.2414;0.17811;-8.5645;-1.7811;1.234;0.00040414;0.59997;0.50364;1.2779;1.3697;1.1372
16;9.7665;12.297;0.0089903;-4.9456;3.5073;0.10529;8.6051;0.86363;-2.6078;1.6605E-06;1.0343;0.35684;1.6006;0.98081;0.86284
17;6.6409;8.1641;0.0078889;-3.7124;4.9741;0.00036727;-0.78967;-8.4807;10.879;0.029269;0.58131;0.91967;0.0068009;-0.87405;-0.34591
18;8.86;5.8728;0.15285;-11.505;2.5089;0.008543;4.1235;7.4303;-7.8674;0.07555;1.0827;0.084586;0.081746;0.60419;-1.7757
19;5.8255;15.352;7.4296E-05;3.0888;1.2625;123.78;1.8045;1.8967;4.2321;9.3757;0.85779;0.32417;0.16408;0.22538;-0.52854
20;7.0974;23.988;7693.8;-9.334;4.9913;1.225;-4.4055;-0.98316;-0.092837;0.0041793;1.2381;0.061395;0.54506;-0.41533;-0.077827
21;4.0455;5.2685;3.3201E+06;-19.779;4.6643;0.0001254;-3.4892;-4.2482;2.3344;8.4569;0.72064;0.87568;0.56453;0.76407;2.0394
22;6.3511;6.5309;0.052568;-17.925;2.9272;78.897;-3.3228;-3.8241;3.374;211.11;0.86051;0.064141;0.024343;0.49334;-0.92674
23;1.3854;18.612;1.8855E-13;4.7637;4.7216;0.0034451;-3.3621;2.6287;3.3564;152.39;1.0653;0.35796;0.39665;1.8464;1.4605
24;0.63399;2.3633;0.001842;-16.007;4.2229;6.1751E-05;5.2445;9.1114;-4.1667;1.3631;0.89787;0.68401;0.091141;-1.3278;0.20267
25;1.6277;5.5359;33265;-5.1319;3.3353;0.00055421;4.9264;5.6392;2.6975;0.00012737;0.64972;0.90959;0.21696;0.5132;-2.6702
26;8.1641;4.2662;50.201;8.1428;4.266;9.9013;0.20213;-4.2818;-2.5914;2303.1;1.0691;0.58799;9.9194;-1.1925;0.30727
27;4.1245;13.603;25.371;-4.2214;2.1305;0.90723;0.22996;1.9379;-5.9108;3.8742E-07;0.80825;0.40349;3.8365;0.391;-1.2067
28;6.5004;14.885;3052.6;-8.9297;1.4933;0.017151;-11.136;-2.7616;-1.2741;0.41697;0.68282;0.30417;0.67717;-2.4856;1.323
29;6.4076;8.7312;1.3281E+07;-9.5089;0.26145;0.00088965;2.6439;3.3366;-5.924;87.882;0.95517;0.18912;0.93395;1.6961;-1.0302
30;2.5648;8.4929;1.103;8.9138;1.3782;2.6436;-0.070565;-3.2039;-8.9529;0.011877;0.73992;0.66681;0.3564;-0.39865;-0.086835
31;3.8626;17.5;0.00095271;-12.375;3.7553;5.9442E-05;-5.8872;6.2269;-7.8488;0.0010179;0.60708;0.95925;1.8846;0.90888;-1.1538
32;2.2473;10.435;3.4693E-06;-14.86;0.9433;286.47;-4.8341;-0.46833;5.7358;3.5846;0.98751;0.69987;0.63183;-0.24031;1.1577
33;0.44836;12.406;2961.8;-1.5057;2.8993;0.0010929;-4.0781;-3.4112;5.2717;2.5365;0.71291;0.6407;0.17349;0.6547;0.50206
34;6.7433;10.536;742.59;-0.74424;3.6065;10.119;-1.5585;-7.7144;3.7774;0.01125;0.88942;0.675;2.5997;-1.8617;0.90563
35;2.4683;9.0289;22060;-14.241;3.0839;2.9066;-3.0175;3.2348;-2.2725;1.0689;1.1365;0.28863;0.49532;0.80462;1.0259
36;6.1387;7.84;109.81;3.9888;3.7962;0.083617;6.2887;6.9292;-5.7457;0.18649;1.0985;0.54789;0.87896;0.043389;0.16807
37;0.28625;7.1988;9.0591;-9.8518;4.0331;0.02371;0.65521;-2.2282;-3.0875;0.022953;1.0655;0.22988;0.044107;-0.52669;1.4926
38;1.425;11.95;1.6499E-07;-6.7462;1.7697;2.0653;1.8879;4.8155;-5.8077;378.54;0.98277;0.28131;0.0044405;1.0625;0.41609
39;1.7891;15.444;0.00049399;-7.9356;3.6773;3.1057;4.1632;9.367;11.328;4.6214E-08;0.88418;0.4526;0.57226;0.68109;-0.61009
40;4.2482;13.302;0.11448;5.7274;3.6596;0.0070525;0.59032;6.392;-0.0521;6.918;0.97743;0.81029;0.0063725;-1.14;-0.038788
41;3.0907;10.22;9905.4;-1.8589;4.1614;0.00085907;1.2854;0.015252;-6.4263;0.35867;1.2995;0.51331;2.4018;-0.56871;-1.4988
42;4.2461;10.189;1.5282E-20;10.432;1.9034;0.46426;9.3823;-8.3815;4.7739;0.00033983;0.9993;0.66798;1.1109;0.83575;-1.6456
43;6.0197;3.7219;2.767E-07;3.5094;0.57655;0.01354;7.337;-8.7691;0.71298;0.03083;0.74756;0.72925;0.10558;-0.060806;-1.7489
44;4.1089;13.401;4.3868;4.9458;2.3147;111.76;-0.37771;-2.5913;0.29628;0.24341;1.0929;0.30959;0.092846;-0.9922;-0.10267
45;7.9023;10.395;7.922E-07;-1.9052;3.1192;0.003586;6.704;7.4418;-0.17891;0.011808;0.92537;0.63411;0.69602;-2.4946;0.82402
46;2.995;11.51;53574;-7.5551;0.47683;454.45;-2.5754;5.5286;2.7187;4.5599E-06;0.89914;0.63998;0.047824;0.27194;-0.74424
47;5.2276;8.2968;0.3432;21.956;4.078;0.0053;-0.35122;0.04678;-6.5607;1.8104;0.97591;0.068945;0.025541;-0.22513;-0.16675
48;7.577;22;0.36019;-3.513;4.9719;5.7694;-1.9065;7.3147;2.9972;0.29232;0.86839;0.44656;1.0446;-0.31373;0.93772
49;3.6394;4.1808;5.886E-05;6.8935;3.044;0.00031796;7.5238;9.3422;1.0817;14.247;0.68269;0.8894;0.36327;0.020953;0.65836
50;5.5526;9.9162;132.05;14.7;0.96994;5.4372E-05;5.1327;7.7645;2.1641;0.63347;1.133;0.87681;1.6147;-0.74962;-1.403
51;3.3553;7.3921;0.00018029;4.9583;3.3566;11.097;1.5066;7.9593;1.7545;0.00093449;0.93313;0.56687;1.2503;0.92147;-1.6098
52;4.0084;3.9471;2.399E+05;-5.287;2.6737;0.60131;-2.4114;-1.7793;-1.4595;0.13514;1.0829;0.91641;0.00029545;-0.22523;-0.85899
53;2.154;8.268;11.13;13.078;4.9453;4664.4;1.3117;2.209;-8.9734;0.00080006;0.98898;0.31467;0.54661;-0.29628;-1.4834
54;1.7697;9.8012;8.3747E-18;-6.4222;0.74127;1.69;0.04711;-4.968;3.5832;0.11827;0.61895;0.90725;4.4079;0.55359;0.31257
55;1.0132;5.087;15.282;19.712;3.4397;19.923;4.7192;4.791;7.8727;1.8148E-06;0.97095;0.95977;0.1616;0.4507;1.0477
56;2.8546;11.553;1.208E-12;-4.3139;3.5667;303.99;-3.2593;3.9168;-1.4684;5.5626;1.0421;0.25314;0.78136;-0.095675;-0.22148
57;9.1806;14.975;6.3544E-09;-3.9203;2.444;0.026916;0.99614;3.9549;0.71503;95.347;1.0727;0.54865;0.022948;0.49412;0.11536
58;0.18137;12.782;2.1859E-14;-5.8516;4.9491;9.0573;-9.8622;-3.1263;-2.7117;43.164;1.1454;0.29508;0.2553;1.2283;0.14934
59;5.7625;20.627;0.67646;-4.8049;4.216;533.51;-9.4218;3.6258;6.3202;0.10502;0.96551;0.59458;0.29982;0.44374;-0.016271
60;1.4211;13.372;0.32906;0.26932;4.556;8.7121;-1.6549;-6.1252;-0.94787;0.13335;1.1537;0.43547;2.5773;-0.25133;-1.3068
61;0.054417;8.1186;1.3311E-08;-1.6063;3.6465;0.044058;4.1439;1.6163;8.3202;0.028525;0.92059;0.48022;0.67707;0.83355;-1.1009
62;5.8494;2.0077;10.686;3.2931;0.73462;2.5583;2.9204;-0.91941;2.3994;0.0081774;1.0395;0.069639;0.27682;0.45253;-1.6955
63;2.1125;9.8905;1.1684;13.281;0.47327;0.011509;0.61105;-1.6229;-8.2021;0.23807;0.79794;0.49024;1.9447;-0.77298;-0.53392
64;8.0293;6.061;0.045724;0.15745;4.8211;1.2021;5.3017;-0.56115;0.83652;0.00011748;1.0376;0.62655;0.0022283;-0.19666;0.82279
65;1.5484;9.5308;5.9043E-07;-7.1394;2.5912;2.3571;-7.4248;5.9517;-1.7688;0.072787;0.72742;0.86973;0.18452;-1.363;0.61014
66;1.4915;15.109;2068.1;2.8461;0.39578;0.48903;-1.745;-2.4623;-5.8966;5.1522E-06;0.81964;0.50092;4.7011;-1.8212;-0.48983
67;9.3627;7.6106;7.6489E-08;-9.4634;0.42403;0.0022807;-0.098468;-3.336;-2.0548;0.00027468;0.98302;0.20874;0.05847;1.4341;1.256
68;7.3279;12.336;1.106;-0.023971;0.96223;7.257;-7.2596;-4.9328;0.70192;1.4982E-10;0.75617;0.26375;0.79434;-0.94083;0.46572
69;0.093979;11.019;0.010422;20.202;4.1521;0.00087823;-0.01933;-3.7097;-2.0768;0.0032676;1.3267;0.64201;0.64395;0.66915;1.0915
70;6.1344;8.185;56540;-1.9245;4.6919;0.012926;12.333;-5.5687;5.2424;0.2542;0.60239;0.53736;0.13413;-0.6444;-1.2266
71;1.705;8.255;0.012538;-12.783;4.991;0.034367;-12.311;-1.496;13.509;0.00091143;1.0578;0.054764;1.2387;1.1203;-1.0394
72;6.357;8.5786;0.00057394;-15.052;2.8475;9.5131;4.6913;-7.6554;-6.6504;0.00013325;0.63801;0.61631;0.7142;0.085616;-0.6813
73;2.9009;2.8563;4.1189E-11;-5.0041;0.99773;1.5524E-05;5.2297;-11.74;6.5814;0.00051761;1.0291;0.11274;0.013138;0.75949;-0.24123
74;0.90019;10.323;0.026698;-20.669;0.54067;1.2688;-12.676;-0.58135;-4.1705;0.014739;0.59111;0.1877;3.9685;0.2165;0.13812
75;1.4724;12.154;599.26;-10.596;0.45905;3.506E-05;1.898;0.10891;3.8868;0.00046095;0.90825;0.15438;3.9843;1.7127;-0.65173
76;3.9571;15.204;0.0099893;12.591;1.8122;0.00025089;0.46189;1.3564;-1.1899;0.035835;0.87029;0.38439;1.4053;-0.3301;-0.40797
77;8.3719;8.0853;0.0011473;-3.2935;3.9307;0.01133;-2.757;1.1893;-7.9418;40.381;1.2468;0.4321;1.1227;0.59642;0.60299
78;3.7586;10.063;0.0014896;-7.1018;3.8958;0.00032884;2.9309;0.049307;-3.9029;2.8697E-05;0.76716;0.1604;1.1981;0.56359;-0.92873
79;6.2246;9.1084;0.00040639;-2.6529;1.6963;0.00063605;-0.55818;7.1212;-3.0187;6.355;0.79762;0.1589;7.7402;0.089761;-0.71493
80;6.8635;7.3754;440.52;8.8642;2.6535;1.7411;-4.7964;-1.6675;3.0983;0.89249;0.94929;0.84414;1.7966;0.2959;-0.42747
81;8.6437;8.6523;21662;-6.9085;3.1233;0.37088;-6.1981;-9.4229;7.3523;1564.7;0.9746;0.4993;2.4362;-1.1676;-0.71049
82;0.35561;9.6136;60.495;-8.3579;4.0336;0.010965;3.8801;-3.3294;-4.3399;0.333;1.1816;0.11804;0.69998;-0.12124;1.5139
83;3.7682;9.1152;20.285;21.413;1.56;1.0698E-05;0.71061;-5.783;1.8062;0.0019753;0.44;0.49938;0.53284;-0.021836;1.0694
84;9.1911;15.556;0.00012209;-6.2612;2.128;0.0034011;9.8226;-0.41741;0.16498;0.22191;0.9556;0.35883;1.5318;-1.9566;1.2254
85;1.1323;15.374;1748.1;-3.7508;3.202;1.3702;0.57557;-0.23247;3.6211;968.57;1.0066;0.471;0.1041;0.23889;-0.10759
86;0.63978;2.5185;4.7259E-18;10.373;3.0504;0.13853;5.1199;-1.8414;-3.9794;4.2879;1.0836;0.69998;1.0242;-1.1207;-0.072791
87;3.7547;13.093;0.042268;7.6168;0.81518;0.023338;-2.4724;2.2355;0.32401;0.16393;0.8933;0.81007;0.089791;-0.10827;-0.88778
88;2.3818;4.6728;4.5598E-05;2.0972;2.9979;13.751;0.080956;3.4821;-7.5764;0.0015208;1.1319;0.12604;0.33261;1.063;-0.57473
89;6.1693;7.7768;6.4666E-07;-4.4081;4.7847;1.9146;-0.75297;4.2349;4.2238;22.26;0.80253;0.16851;5.6318;1.0926;0.335
90;9.7187;5.8158;11.159;11.763;2.1824;6.5042;4.7248;-0.98964;-5.8809;0.00023584;0.93812;0.36534;0.020423;-1.0693;1.2554
normalized population
1;3.6102;-1.1589;-1.8955E+05;-14.027;1.1715;-70.483;0.59931;2.1936;0.66734;-66.291;-0.34917;0.34855;0.23909;-0.50117;0.86432
2;-3.4447;-4.051;-1.8955E+05;-3.7976;1.6816;-76.237;11.391;7.0661;2.5447;-66.286;0.31381;-0.47193;-1.1452;1.8763;0.55833
3;3.3138;-1.0721;-1.8954E+05;-8.9483;-0.22858;-76.069;-0.38635;-8.5918;-0.81406;-66.291;0.14037;0.49637;-1.0661;-0.27308;-1.2664
4;2.7294;-0.58718;-1.8955E+05;1.3771;1.5722;-76.303;6.5176;3.3794;-4.2468;-66.073;0.43631;-0.13651;-0.30311;-2.6155;-0.74101
5;-0.91753;5.769;-1.8955E+05;3.2743;1.577;-76.315;0.90438;-6.7741;4.7398;-66.283;0.0011406;0.19095;0.072605;-0.060515;-0.49362
6;-0.45733;-2.1463;-1.8955E+05;10.333;-1.8587;-76.316;0.21519;-6.3366;-3.379;-66.291;0.44301;0.36711;-1.0037;-0.43763;0.49651
7;2.8195;7.7305;-1.8955E+05;-12.566;-0.16749;-76.315;-3.7838;9.937;8.4902;-65.347;0.28375;0.013534;-0.83312;-0.39843;-0.06901
8;-0.45906;-1.3056;-1.8955E+05;-0.41355;-2.2682;-65.211;3.5419;9.4796;-1.7334;-66.267;-0.083124;0.1809;1.226;-0.39184;-1.3648
9;-2.5724;1.6885;-1.8955E+05;3.795;-2.697;-76.285;-7.6122;6.7874;-4.5918;-48.59;-0.49388;0.23123;-1.1061;-0.73648;-0.267
10;0.58338;-4.2214;-1.8955E+05;-3.6087;0.66703;-76.197;-8.2538;3.5872;2.352;-66.279;-0.40293;-0.20829;-1.062;1.4681;0.78908
11;5.1171;-1.1591;-1.8955E+05;12.223;-0.10025;-61.986;-2.3604;7.6964;0.5941;-57.821;-0.38512;-0.47961;0.90771;0.35681;-1.5784
12;4.5978;-0.87781;-1.8955E+05;3.8995;1.3021;-76.25;-0.89954;9.6252;-0.51151;-65.887;-0.31115;0.28359;-1.1473;0.20194;1.2391
13;2.1129;3.8932;-1.8823E+05;5.5498;1.6162;61.777;-3.9766;-4.538;-1.6161;-66.045;-0.044817;-0.17996;0.77808;0.43464;-0.46472
14;-3.068;3.8775;-1.8953E+05;-3.8152;1.5916;-76.315;-0.043649;-0.93204;4.6126;-66.291;0.018262;0.39091;0.85607;-0.96135;0.75572
15;4.5506;-1.7152;-1.8939E+05;-10.377;-0.64104;-76.138;-8.6066;-2.3896;1.276;-66.291;-0.31614;0.011733;0.13041;1.3819;1.267
16;5.2265;2.1644;-1.8955E+05;-3.3562;0.6248;-76.21;8.563;0.2551;-2.5658;-66.291;0.11823;-0.13507;0.45314;0.99298;0.99258
17;2.1009;-1.9688;-1.8955E+05;-2.1229;2.0917;-76.315;-0.83171;-9.0892;10.921;-66.262;-0.3348;0.42776;-1.1407;-0.86187;-0.21617
18;4.32;-4.26;-1.8955E+05;-9.9157;-0.37361;-76.307;4.0815;6.8217;-7.8254;-66.216;0.16657;-0.40732;-1.0657;0.61636;-1.6459
19;1.2855;5.2189;-1.8955E+05;4.6783;-1.62;47.463;1.7624;1.2882;4.2741;-56.915;-0.058318;-0.16774;-0.98337;0.23755;-0.3988
20;2.5574;13.855;-1.8186E+05;-7.7445;2.1088;-75.091;-4.4475;-1.5917;-0.05084;-66.287;0.32195;-0.43051;-0.60239;-0.40315;0.051918
21;-0.49448;-4.8644;3.1305E+06;-18.19;1.7818;-76.316;-3.5312;-4.8567;2.3764;-57.834;-0.19547;0.38378;-0.58293;0.77624;2.1691
22;1.8111;-3.6019;-1.8955E+05;-16.336;0.044687;2.5814;-3.3648;-4.4326;3.416;144.82;-0.055593;-0.42776;-1.1231;0.50551;-0.797
23;-3.1546;8.4796;-1.8955E+05;6.3532;1.8391;-76.312;-3.4041;2.0202;3.3984;86.096;0.14916;-0.13394;-0.75081;1.8585;1.5902
24;-3.906;-7.7696;-1.8955E+05;-14.417;1.3404;-76.316;5.2024;8.5029;-4.1247;-64.928;-0.018234;0.1921;-1.0563;-1.3156;0.33242
25;-2.9123;-4.597;-1.5629E+05;-3.5424;0.45284;-76.315;4.8843;5.0306;2.7395;-66.291;-0.26639;0.41768;-0.93049;0.52537;-2.5404
26;3.6241;-5.8667;-1.895E+05;9.7323;1.3835;-66.414;0.16009;-4.8903;-2.5494;2236.9;0.15296;0.096082;8.772;-1.1803;0.43701
27;-0.41546;3.4702;-1.8953E+05;-2.632;-0.75197;-75.409;0.18792;1.3294;-5.8688;-66.291;-0.10785;-0.088412;2.689;0.40318;-1.0769
28;1.9604;4.7519;-1.865E+05;-7.3403;-1.3892;-76.299;-11.178;-3.3701;-1.2321;-65.874;-0.23329;-0.18774;-0.47029;-2.4734;1.4528
29;1.8676;-1.4017;1.3092E+07;-7.9194;-2.621;-76.315;2.6019;2.728;-5.882;21.591;0.039058;-0.30278;-0.21351;1.7083;-0.90045
30;-1.9752;-1.6399;-1.8955E+05;10.503;-1.5043;-73.672;-0.11261;-3.8125;-8.9109;-66.279;-0.17619;0.1749;-0.79106;-0.38648;0.042909
31;-0.67734;7.3676;-1.8955E+05;-10.786;0.87279;-76.316;-5.9292;5.6184;-7.8068;-66.29;-0.30902;0.46735;0.73719;0.92105;-1.0241
32;-2.2927;0.30195;-1.8955E+05;-13.271;-1.9392;210.15;-4.8761;-1.0769;5.7778;-62.707;0.071405;0.20796;-0.51562;-0.22814;1.2874
33;-4.0916;2.2734;-1.8659E+05;0.083739;0.016835;-76.315;-4.1201;-4.0198;5.3137;-63.755;-0.2032;0.14879;-0.97397;0.66687;0.63181
34;2.2033;0.40294;-1.8881E+05;0.84523;0.72406;-66.197;-1.6006;-8.323;3.8194;-66.28;-0.026689;0.18309;1.4523;-1.8495;1.0354
35;-2.0717;-1.104;-1.6749E+05;-12.651;0.20147;-73.409;-3.0595;2.6263;-2.2305;-65.222;0.22037;-0.20328;-0.65214;0.8168;1.1556
36;1.5988;-2.2928;-1.8944E+05;5.5783;0.9137;-76.232;6.2466;6.3207;-5.7037;-66.105;0.18243;0.055989;-0.26849;0.055561;0.29781
37;-4.2537;-2.9341;-1.8954E+05;-8.2624;1.1507;-76.292;0.61317;-2.8367;-3.0455;-66.268;0.14942;-0.26202;-1.1033;-0.51452;1.6224
38;-3.115;1.8167;-1.8955E+05;-5.1567;-1.1128;-74.25;1.8458;4.207;-5.7657;312.25;0.066662;-0.2106;-1.143;1.0746;0.54583
39;-2.7509;5.3116;-1.8955E+05;-6.3461;0.79479;-73.21;4.1211;8.7585;11.37;-66.291;-0.031928;-0.039303;-0.5752;0.69326;-0.48035
40;-0.29178;3.1694;-1.8955E+05;7.3169;0.77708;-76.309;0.54828;5.7835;-0.010103;-59.373;0.061324;0.31839;-1.1411;-1.1278;0.090956
41;-1.4493;0.087343;-1.7965E+05;-0.26944;1.279;-76.315;1.2433;-0.59328;-6.3843;-65.932;0.38335;0.021408;1.2544;-0.55654;-1.3691
42;-0.29391;0.055791;-1.8955E+05;12.021;-0.97906;-75.851;9.3403;-8.99;4.8159;-66.291;0.083196;0.17607;-0.036602;0.84792;-1.5159
43;1.4797;-6.4109;-1.8955E+05;5.0988;-2.3059;-76.302;7.295;-9.3776;0.75497;-66.26;-0.16855;0.23734;-1.0419;-0.048634;-1.6191
44;-0.43111;3.2679;-1.8955E+05;6.5353;-0.56781;35.444;-0.41976;-3.1999;0.33827;-66.048;0.17683;-0.18231;-1.0546;-0.98003;0.027071
45;3.3623;0.26261;-1.8955E+05;-0.31571;0.23672;-76.312;6.662;6.8332;-0.13692;-66.279;0.0092662;0.1422;-0.45143;-2.4825;0.95377
46;-1.545;1.3769;-1.3598E+05;-5.9656;-2.4056;378.14;-2.6174;4.9201;2.7607;-66.291;-0.016964;0.14808;-1.0996;0.28411;-0.61449
47;0.68759;-1.836;-1.8955E+05;23.546;1.1955;-76.31;-0.39327;-0.56175;-6.5187;-64.481;0.059807;-0.42296;-1.1219;-0.21296;-0.037006
48;3.037;11.867;-1.8955E+05;-1.9235;2.0894;-70.546;-1.9485;6.7061;3.0392;-65.999;-0.047716;-0.045348;-0.10285;-0.30155;1.0675
49;-0.90057;-5.952;-1.8955E+05;8.483;0.16156;-76.315;7.4818;8.7337;1.1237;-52.044;-0.23342;0.39749;-0.78419;0.033125;0.78811
50;1.0127;-0.21667;-1.8942E+05;16.289;-1.9125;-76.316;5.0906;7.1559;2.2061;-65.658;0.21689;0.3849;0.46721;-0.73745;-1.2732
51;-1.1847;-2.7407;-1.8955E+05;6.5478;0.47413;-65.218;1.4646;7.3508;1.7965;-66.29;0.017025;0.074961;0.10285;0.93364;-1.4801
52;-0.53161;-6.1857;50346;-3.6976;-0.2088;-75.714;-2.4535;-2.3878;-1.4175;-66.156;0.16682;0.4245;-1.1472;-0.21306;-0.72925
53;-2.386;-1.8649;-1.8954E+05;14.668;2.0629;4588.1;1.2696;1.6004;-8.9314;-66.29;0.072875;-0.17724;-0.60085;-0.28411;-1.3536
54;-2.7703;-0.33162;-1.8955E+05;-4.8327;-2.1412;-74.626;0.0050663;-5.5765;3.6252;-66.173;-0.29715;0.41535;3.2605;0.56576;0.44232
55;-3.5268;-5.0459;-1.8954E+05;21.301;0.55723;-56.393;4.6772;4.1825;7.9147;-66.291;0.054838;0.46787;-0.98586;0.46287;1.1774
56;-1.6854;1.4205;-1.8955E+05;-2.7244;0.68422;227.67;-3.3013;3.3082;-1.4264;-60.728;0.12602;-0.23877;-0.3661;-0.083503;-0.091737
57;4.6406;4.8422;-1.8955E+05;-2.3308;-0.4385;-76.289;0.9541;3.3464;0.75702;29.056;0.15659;0.05675;-1.1245;0.50629;0.2451
58;-4.3586;2.6493;-1.8955E+05;-4.2622;2.0666;-67.258;-9.9042;-3.7348;-2.6697;-23.127;0.22926;-0.19683;-0.89215;1.2405;0.27909
59;1.2225;10.494;-1.8955E+05;-3.2154;1.3335;457.19;-9.4639;3.0173;6.3622;-66.186;0.0494;0.10267;-0.84763;0.45591;0.11347
60;-3.1189;3.2391;-1.8955E+05;1.8588;1.6735;-67.604;-1.6969;-6.7337;-0.90587;-66.158;0.23755;-0.056432;1.4298;-0.23916;-1.1771
61;-4.4856;-2.0142;-1.8955E+05;-0.016867;0.76404;-76.272;4.1019;1.0078;8.3622;-66.263;0.004486;-0.011683;-0.47039;0.84572;-0.97115
62;1.3094;-8.1251;-1.8954E+05;4.8826;-2.1479;-73.757;2.8784;-1.5279;2.4414;-66.283;0.12337;-0.42227;-0.87064;0.4647;-1.5658
63;-2.4274;-0.24235;-1.8955E+05;14.871;-2.4092;-76.304;0.56901;-2.2314;-8.1601;-66.053;-0.11817;-0.0016608;0.79725;-0.76081;-0.40418
64;3.4893;-4.0718;-1.8955E+05;1.7469;1.9386;-75.114;5.2596;-1.1697;0.87852;-66.291;0.12151;0.13465;-1.1452;-0.18449;0.95253
65;-2.9916;-0.60204;-1.8955E+05;-5.5499;-0.29124;-73.959;-7.4668;5.3432;-1.7268;-66.218;-0.18868;0.37782;-0.96293;-1.3508;0.73989
66;-3.0484;4.9762;-1.8748E+05;4.4356;-2.4867;-75.827;-1.787;-3.0709;-5.8546;-66.291;-0.096465;0.0090151;3.5537;-1.8091;-0.36008
67;4.8227;-2.5222;-1.8955E+05;-7.8739;-2.4585;-76.313;-0.14051;-3.9446;-2.0128;-66.291;0.066909;-0.28317;-1.089;1.4462;1.3857
68;2.7879;2.2031;-1.8955E+05;1.5655;-1.9202;-69.059;-7.3016;-5.5413;0.74392;-66.291;-0.15994;-0.22815;-0.35311;-0.92866;0.59546
69;-4.446;0.88627;-1.8955E+05;21.791;1.2697;-76.315;-0.061373;-4.3182;-2.0348;-66.288;0.41059;0.1501;-0.50351;0.68132;1.2213
70;1.5944;-1.9478;-1.3301E+05;-0.33505;1.8094;-76.303;12.291;-6.1773;5.2844;-66.037;-0.31372;0.04546;-1.0133;-0.63222;-1.0969
71;-2.835;-1.8779;-1.8955E+05;-11.193;2.1085;-76.281;-12.353;-2.1045;13.551;-66.29;0.14172;-0.43714;0.091198;1.1325;-0.90965
72;1.817;-1.5543;-1.8955E+05;-13.462;-0.035026;-66.803;4.6493;-8.2639;-6.6084;-66.291;-0.2781;0.1244;-0.43325;0.097788;-0.55156
73;-1.6391;-7.2766;-1.8955E+05;-3.4146;-1.8847;-76.316;5.1876;-12.349;6.6233;-66.291;0.11295;-0.37917;-1.1343;0.77166;-0.11148
74;-3.6398;0.1898;-1.8955E+05;-19.08;-2.3418;-75.047;-12.718;-1.1899;-4.1285;-66.276;-0.325;-0.3042;2.821;0.22867;0.26786
75;-3.0676;2.0214;-1.8895E+05;-9.0062;-2.4234;-76.316;1.856;-0.49963;3.9288;-66.291;-0.0078544;-0.33753;2.8368;1.7249;-0.52198
76;-0.58292;5.0715;-1.8955E+05;14.181;-1.0703;-76.315;0.41984;0.74784;-1.1479;-66.255;-0.045813;-0.10752;0.25789;-0.31793;-0.27823
77;3.8319;-2.0476;-1.8955E+05;-1.704;1.0482;-76.304;-2.7991;0.5808;-7.8998;-25.91;0.3307;-0.05981;-0.024732;0.60859;0.73273
78;-0.78142;-0.069492;-1.8955E+05;-5.5123;1.0134;-76.315;2.8889;-0.55922;-3.8609;-66.291;-0.14895;-0.33151;0.050672;0.57576;-0.79898
79;1.6846;-1.0244;-1.8955E+05;-1.0634;-1.1862;-76.315;-0.60022;6.5127;-2.9767;-59.936;-0.11849;-0.333;6.5928;0.10193;-0.58518
80;2.3235;-2.7575;-1.8911E+05;10.454;-0.22903;-74.575;-4.8384;-2.276;3.1403;-65.399;0.033183;0.35223;0.64918;0.30807;-0.29772
81;4.1037;-1.4806;-1.6789E+05;-5.319;0.2408;-75.945;-6.2401;-10.031;7.3943;1498.4;0.058493;0.0073988;1.2888;-1.1554;-0.58074
82;-4.1844;-0.51926;-1.8949E+05;-6.7684;1.1511;-76.305;3.838;-3.938;-4.2979;-65.958;0.26554;-0.37387;-0.44748;-0.10907;1.6436
83;-0.77174;-1.0176;-1.8953E+05;23.003;-1.3225;-76.316;0.66857;-6.3915;1.8482;-66.289;-0.47611;0.0074708;-0.61462;-0.0096641;1.1991
84;4.6511;5.4233;-1.8955E+05;-4.6717;-0.75448;-76.312;9.7806;-1.0259;0.20698;-66.069;0.039496;-0.13308;0.38439;-1.9445;1.3552
85;-3.4077;5.2411;-1.8781E+05;-2.1614;0.31953;-74.946;0.53353;-0.841;3.6631;902.28;0.090542;-0.020905;-1.0434;0.25106;0.02215
86;-3.9002;-7.6143;-1.8955E+05;11.963;0.16795;-76.177;5.0779;-2.45;-3.9374;-62.003;0.16751;0.20807;-0.12327;-1.1085;0.056954
87;-0.78533;2.9598;-1.8955E+05;9.2063;-2.0673;-76.292;-2.5144;1.627;0.36601;-66.127;-0.022803;0.31816;-1.0577;-0.096099;-0.75804
88;-2.1582;-5.4601;-1.8955E+05;3.6866;0.11543;-62.564;0.038912;2.8736;-7.5344;-66.29;0.21584;-0.36586;-0.81485;1.0751;-0.44498
89;1.6293;-2.356;-1.8955E+05;-2.8186;1.9022;-74.401;-0.79502;3.6264;4.2658;-44.031;-0.11357;-0.32339;4.4844;1.1048;0.46474
90;5.1787;-4.317;-1.8954E+05;13.352;-0.70011;-69.812;4.6828;-1.5982;-5.8389;-66.291;0.02201;-0.12656;-1.127;-1.0572;1.3851
PARTICULAR
id;2
