TITLE;4 random variables, variable variance
FOCUS ON;Comparison by variance
EXPERIMENT TYPE;FewRandomVariablesVaryingVariance
RESULTS
PARTICULAR
parameters
result 1
normalization;Center
pcaRecompositionThreshold;0.95
component;;;;;;;;;1;2
type;;;;;;;;;RandomNormal;RandomUniform
p1;;;;;;;;;0;1
p2;;;;;;;;;1;1.25992104989487
result 2
normalization;Center
pcaRecompositionThreshold;0.95
component;;;;;;;;;1;2
type;;;;;;;;;RandomNormal;RandomUniform
p1;;;;;;;;;0;1
p2;;;;;;;;;1;1
result 3
normalization;Center
pcaRecompositionThreshold;0.95
component;;;;;;;;;1;2
type;;;;;;;;;RandomNormal;RandomUniform
p1;;;;;;;;;0;1
p2;;;;;;;;;1;1.5874010519682
result 4
normalization;Center
pcaRecompositionThreshold;0.95
component;;;;;;;;;1;2
type;;;;;;;;;RandomNormal;RandomUniform
p1;;;;;;;;;0;1
p2;;;;;;;;;1;2
result 5
normalization;Center
pcaRecompositionThreshold;0.95
component;;;;;;;;;1;2
type;;;;;;;;;RandomNormal;RandomUniform
p1;;;;;;;;;0;1
p2;;;;;;;;;1;2.51984209978975
result 6
normalization;Center
pcaRecompositionThreshold;0.95
component;;;;;;;;;1;2
type;;;;;;;;;RandomNormal;RandomUniform
p1;;;;;;;;;0;1
p2;;;;;;;;;1;3.1748021039364
result 7
normalization;Center
pcaRecompositionThreshold;0.95
component;;;;;;;;;1;2
type;;;;;;;;;RandomNormal;RandomUniform
p1;;;;;;;;;0;1
p2;;;;;;;;;1;4
result 8
normalization;Center
pcaRecompositionThreshold;0.95
component;;;;;;;;;1;2
type;;;;;;;;;RandomNormal;RandomUniform
p1;;;;;;;;;0;1
p2;;;;;;;;;1;5.03968419957949
result 9
normalization;Center
pcaRecompositionThreshold;0.95
component;;;;;;;;;1;2
type;;;;;;;;;RandomNormal;RandomUniform
p1;;;;;;;;;0;1
p2;;;;;;;;;1;6.3496042078728
result 10
normalization;Center
pcaRecompositionThreshold;0.95
component;;;;;;;;;1;2
type;;;;;;;;;RandomNormal;RandomUniform
p1;;;;;;;;;0;1
p2;;;;;;;;;1;8
result 11
normalization;Center
pcaRecompositionThreshold;0.95
component;;;;;;;;;1;2
type;;;;;;;;;RandomNormal;RandomUniform
p1;;;;;;;;;0;1
p2;;;;;;;;;1;10.079368399159
result 12
normalization;Center
pcaRecompositionThreshold;0.95
component;;;;;;;;;1;2
type;;;;;;;;;RandomNormal;RandomUniform
p1;;;;;;;;;0;1
p2;;;;;;;;;1;12.6992084157456
result 13
normalization;Center
pcaRecompositionThreshold;0.95
component;;;;;;;;;1;2
type;;;;;;;;;RandomNormal;RandomUniform
p1;;;;;;;;;0;1
p2;;;;;;;;;1;16
result 14
normalization;Center
pcaRecompositionThreshold;0.95
component;;;;;;;;;1;2
type;;;;;;;;;RandomNormal;RandomUniform
p1;;;;;;;;;0;1
p2;;;;;;;;;1;20.158736798318
result 15
normalization;Center
pcaRecompositionThreshold;0.95
component;;;;;;;;;1;2
type;;;;;;;;;RandomNormal;RandomUniform
p1;;;;;;;;;0;1
p2;;;;;;;;;1;25.3984168314912
result 16
normalization;Center
pcaRecompositionThreshold;0.95
component;;;;;;;;;1;2
type;;;;;;;;;RandomNormal;RandomUniform
p1;;;;;;;;;0;1
p2;;;;;;;;;1;32
result 17
normalization;Center
pcaRecompositionThreshold;0.95
component;;;;;;;;;1;2
type;;;;;;;;;RandomNormal;RandomUniform
p1;;;;;;;;;0;1
p2;;;;;;;;;1;40.3174735966359
result 18
normalization;Center
pcaRecompositionThreshold;0.95
component;;;;;;;;;1;2
type;;;;;;;;;RandomNormal;RandomUniform
p1;;;;;;;;;0;1
p2;;;;;;;;;1;50.7968336629824
result 19
normalization;Center
pcaRecompositionThreshold;0.95
component;;;;;;;;;1;2
type;;;;;;;;;RandomNormal;RandomUniform
p1;;;;;;;;;0;1
p2;;;;;;;;;1;64
result 20
normalization;Center
pcaRecompositionThreshold;0.95
component;;;;;;;;;1;2
type;;;;;;;;;RandomNormal;RandomUniform
p1;;;;;;;;;0;1
p2;;;;;;;;;1;80.6349471932719
result 21
normalization;Center
pcaRecompositionThreshold;0.95
component;;;;;;;;;1;2
type;;;;;;;;;RandomNormal;RandomUniform
p1;;;;;;;;;0;1
p2;;;;;;;;;1;101.593667325965
result 22
normalization;Center
pcaRecompositionThreshold;0.95
component;;;;;;;;;1;2
type;;;;;;;;;RandomNormal;RandomUniform
p1;;;;;;;;;0;1
p2;;;;;;;;;1;128
result 23
normalization;Center
pcaRecompositionThreshold;0.95
component;;;;;;;;;1;2
type;;;;;;;;;RandomNormal;RandomUniform
p1;;;;;;;;;0;1
p2;;;;;;;;;1;1
result 24
normalization;Center
pcaRecompositionThreshold;0.95
component;;;;;;;;;1;2
type;;;;;;;;;RandomNormal;RandomUniform
p1;;;;;;;;;0;1
p2;;;;;;;;;1;1.25992104989487
result 25
normalization;Center
pcaRecompositionThreshold;0.95
component;;;;;;;;;1;2
type;;;;;;;;;RandomNormal;RandomUniform
p1;;;;;;;;;0;1
p2;;;;;;;;;1;1.5874010519682
result 26
normalization;Center
pcaRecompositionThreshold;0.95
component;;;;;;;;;1;2
type;;;;;;;;;RandomNormal;RandomUniform
p1;;;;;;;;;0;1
p2;;;;;;;;;1;2
result 27
normalization;Center
pcaRecompositionThreshold;0.95
component;;;;;;;;;1;2
type;;;;;;;;;RandomNormal;RandomUniform
p1;;;;;;;;;0;1
p2;;;;;;;;;1;2.51984209978975
result 28
normalization;Center
pcaRecompositionThreshold;0.95
component;;;;;;;;;1;2
type;;;;;;;;;RandomNormal;RandomUniform
p1;;;;;;;;;0;1
p2;;;;;;;;;1;3.1748021039364
result 29
normalization;Center
pcaRecompositionThreshold;0.95
component;;;;;;;;;1;2
type;;;;;;;;;RandomNormal;RandomUniform
p1;;;;;;;;;0;1
p2;;;;;;;;;1;4
result 30
normalization;Center
pcaRecompositionThreshold;0.95
component;;;;;;;;;1;2
type;;;;;;;;;RandomNormal;RandomUniform
p1;;;;;;;;;0;1
p2;;;;;;;;;1;5.03968419957949
result 31
normalization;Center
pcaRecompositionThreshold;0.95
component;;;;;;;;;1;2
type;;;;;;;;;RandomNormal;RandomUniform
p1;;;;;;;;;0;1
p2;;;;;;;;;1;6.3496042078728
result 32
normalization;Center
pcaRecompositionThreshold;0.95
component;;;;;;;;;1;2
type;;;;;;;;;RandomNormal;RandomUniform
p1;;;;;;;;;0;1
p2;;;;;;;;;1;8
result 33
normalization;Center
pcaRecompositionThreshold;0.95
component;;;;;;;;;1;2
type;;;;;;;;;RandomNormal;RandomUniform
p1;;;;;;;;;0;1
p2;;;;;;;;;1;12.6992084157456
result 34
normalization;Center
pcaRecompositionThreshold;0.95
component;;;;;;;;;1;2
type;;;;;;;;;RandomNormal;RandomUniform
p1;;;;;;;;;0;1
p2;;;;;;;;;1;10.079368399159
result 35
normalization;Center
pcaRecompositionThreshold;0.95
component;;;;;;;;;1;2
type;;;;;;;;;RandomNormal;RandomUniform
p1;;;;;;;;;0;1
p2;;;;;;;;;1;16
result 36
normalization;Center
pcaRecompositionThreshold;0.95
component;;;;;;;;;1;2
type;;;;;;;;;RandomNormal;RandomUniform
p1;;;;;;;;;0;1
p2;;;;;;;;;1;20.158736798318
result 37
normalization;Center
pcaRecompositionThreshold;0.95
component;;;;;;;;;1;2
type;;;;;;;;;RandomNormal;RandomUniform
p1;;;;;;;;;0;1
p2;;;;;;;;;1;25.3984168314912
result 38
normalization;Center
pcaRecompositionThreshold;0.95
component;;;;;;;;;1;2
type;;;;;;;;;RandomNormal;RandomUniform
p1;;;;;;;;;0;1
p2;;;;;;;;;1;32
result 39
normalization;Center
pcaRecompositionThreshold;0.95
component;;;;;;;;;1;2
type;;;;;;;;;RandomNormal;RandomUniform
p1;;;;;;;;;0;1
p2;;;;;;;;;1;40.3174735966359
result 40
normalization;Center
pcaRecompositionThreshold;0.95
component;;;;;;;;;1;2
type;;;;;;;;;RandomNormal;RandomUniform
p1;;;;;;;;;0;1
p2;;;;;;;;;1;50.7968336629824
result 41
normalization;Center
pcaRecompositionThreshold;0.95
component;;;;;;;;;1;2
type;;;;;;;;;RandomNormal;RandomUniform
p1;;;;;;;;;0;1
p2;;;;;;;;;1;64
result 42
normalization;Center
pcaRecompositionThreshold;0.95
component;;;;;;;;;1;2
type;;;;;;;;;RandomNormal;RandomUniform
p1;;;;;;;;;0;1
p2;;;;;;;;;1;80.6349471932719
result 43
normalization;Center
pcaRecompositionThreshold;0.95
component;;;;;;;;;1;2
type;;;;;;;;;RandomNormal;RandomUniform
p1;;;;;;;;;0;1
p2;;;;;;;;;1;101.593667325965
result 44
normalization;Center
pcaRecompositionThreshold;0.95
component;;;;;;;;;1;2
type;;;;;;;;;RandomNormal;RandomUniform
p1;;;;;;;;;0;1
p2;;;;;;;;;1;128
result;1 RandomNormal, RandomUniform;2 RandomNormal, RandomUniform;3 RandomNormal, RandomUniform;4 RandomNormal, RandomUniform;5 RandomNormal, RandomUniform;6 RandomNormal, RandomUniform;7 RandomNormal, RandomUniform;8 RandomNormal, RandomUniform;9 RandomNormal, RandomUniform;10 RandomNormal, RandomUniform;11 RandomNormal, RandomUniform;12 RandomNormal, RandomUniform;13 RandomNormal, RandomUniform;14 RandomNormal, RandomUniform;15 RandomNormal, RandomUniform;16 RandomNormal, RandomUniform;17 RandomNormal, RandomUniform;18 RandomNormal, RandomUniform;19 RandomNormal, RandomUniform;20 RandomNormal, RandomUniform;21 RandomNormal, RandomUniform;22 RandomNormal, RandomUniform;23 RandomNormal, RandomUniform;24 RandomNormal, RandomUniform;25 RandomNormal, RandomUniform;26 RandomNormal, RandomUniform;27 RandomNormal, RandomUniform;28 RandomNormal, RandomUniform;29 RandomNormal, RandomUniform;30 RandomNormal, RandomUniform;31 RandomNormal, RandomUniform;32 RandomNormal, RandomUniform;33 RandomNormal, RandomUniform;34 RandomNormal, RandomUniform;35 RandomNormal, RandomUniform;36 RandomNormal, RandomUniform;37 RandomNormal, RandomUniform;38 RandomNormal, RandomUniform;39 RandomNormal, RandomUniform;40 RandomNormal, RandomUniform;41 RandomNormal, RandomUniform;42 RandomNormal, RandomUniform;43 RandomNormal, RandomUniform;44 RandomNormal, RandomUniform
variance;1;1;1.25992104989487;1.25992104989487;1.5874010519682;1.5874010519682;2;2;2.51984209978975;2.51984209978975;3.1748021039364;3.1748021039364;4;4;5.03968419957949;5.03968419957949;6.3496042078728;6.3496042078728;8;8;10.079368399159;10.079368399159;12.6992084157456;12.6992084157456;16;16;20.158736798318;20.158736798318;25.3984168314912;25.3984168314912;32;32;40.3174735966359;40.3174735966359;50.7968336629824;50.7968336629824;64;64;80.6349471932719;80.6349471932719;101.593667325965;101.593667325965;128;128
distances
D plain;0.0106559181413445;0.0231367131905316;0.166602100332705;0.149766737167088;0.204782810863502;0.160604999581837;0.274805412849993;0.289351271318922;0.206461509330751;0.328586595827425;0.344522789004014;0.390493966046048;0.311094663899984;0.222115141919306;0.392028831008688;0.424592093006342;0.365050394042726;0.356353276720579;0.498950154791143;0.575935482492551;0.420989237343017;0.68602955995483;0.489019944145515;0.594009238806803;0.464651131632927;0.666226771350815;0.630494928399452;0.693707680598943;0.818920385890478;0.953671051089452;0.878377150237698;0.952072944699173;0.862181372367671;0.69837288643969;1.0198777167743;1.06878573569667;1.44622266486784;1.35831111869499;1.30699463946312;1.56783983256785;1.56475247040584;1.57791786824194;1.40635123205432;1.68347863239024
D PCA;0.021311836282689;0.0462734263810632;0.022816959810921;0.0461383252343925;0.0880690877842485;0.0737548573300852;0.162978889383635;0.199416898951608;0.165262657445903;0.286126283732763;0.340700920706484;0.341947196180611;0.318658967667196;0.223163053619563;0.391196405659572;0.408319844211203;0.394013542835784;0.331774218693485;0.404910983207883;0.576610658727789;0.350979460385558;0.559030595686786;0.544219658211265;0.590696338096971;0.524700188407556;0.682060166386672;0.604626872102017;0.514591185913747;0.937826792188616;1.07090937912867;0.8138354203928;0.952098690159531;0.86768742225982;0.730331460071827;1.06598509246765;1.15290877480604;1.41945467323337;1.47247507830539;1.21033048983738;1.7188628973056;1.54269927871631;1.75971734525878;1.6064941361927;1.92085564370224
D DE (avg);0.021311836282689;0.0462734263810632;0.171830738679213;0.172365160973433;0.252943193091918;0.206959603745534;0.296210430537584;0.299093891679337;0.245760273426921;0.347061637411609;0.389991100208479;0.439182848850324;0.350992311311954;0.268591426773156;0.399896410679557;0.470067245835233;0.408634482609672;0.370617456719556;0.596975153859568;0.594161855707616;0.536971788374999;0.710129485318624;0.64273584004247;0.711232439142908;0.640670253851854;0.730373555839936;0.761590316210176;0.790860244054252;0.965416619464715;1.08526798242826;0.973259636280413;1.02591349430771;0.97016403530199;0.885232211856626;1.14674382190113;1.1846757450038;1.68759060949977;1.58152574817977;1.40645868112017;1.96088838675539;1.7649157860276;1.98017397354769;1.71553106128263;1.9986156452484
D PCA ratio;2;2;0.13695481488742;0.308067906847154;0.430060938283297;0.459231390816717;0.59307015714643;0.689186185506029;0.800452626649902;0.870778928191694;0.988906776505035;0.87567856590206;1.02431511898142;1.00471787601333;0.997876622117374;0.961675572712806;1.07934013841844;0.931026148396086;0.811525919612903;1.00117231227414;0.83370174164235;0.814878291430465;1.11287824704615;0.994422812822765;1.12923471543822;1.02376577423293;0.958971824939017;0.741798311169702;1.14519898191183;1.12293371797884;0.926521620209004;1.00002704147881;1.00638618516778;1.04576147535604;1.0452087293751;1.07870898375579;0.981491099341247;1.08404846138644;0.926040898174264;1.09632556948779;0.98590627456635;1.11521479075422;1.14231359817989;1.14100387539518
D DE (avg) ratio;2;2;1.03138398817342;1.1508908068227;1.23517785513999;1.28862491382204;1.07789154320361;1.03367056351958;1.19034426428228;1.05622579197931;1.13197475654923;1.12468536530097;1.12824921813766;1.20924410849367;1.02006888026737;1.10710315518808;1.1193919778699;1.04002819934826;1.19646250858356;1.03164655377054;1.27550003834773;1.03512957279185;1.3143346150545;1.19734238573725;1.37881995810565;1.09628370886246;1.20792457148469;1.14004827418291;1.17888946971926;1.13798985634352;1.10802021206613;1.07755765986173;1.12524355825246;1.26756383165095;1.12439344741062;1.10843147081448;1.16689542384815;1.16433247612612;1.07610133863893;1.25069432860613;1.1279201147833;1.25492841763299;1.21984538583343;1.18719394876472
weights;RandomNormal (1);RandomUniform (2);RandomNormal (1);RandomUniform (2);RandomNormal (1);RandomUniform (2);RandomNormal (1);RandomUniform (2);RandomNormal (1);RandomUniform (2);RandomNormal (1);RandomUniform (2);RandomNormal (1);RandomUniform (2);RandomNormal (1);RandomUniform (2);RandomNormal (1);RandomUniform (2);RandomNormal (1);RandomUniform (2);RandomNormal (1);RandomUniform (2);RandomNormal (1);RandomUniform (2);RandomNormal (1);RandomUniform (2);RandomNormal (1);RandomUniform (2);RandomNormal (1);RandomUniform (2);RandomNormal (1);RandomUniform (2);RandomNormal (1);RandomUniform (2);RandomNormal (1);RandomUniform (2);RandomNormal (1);RandomUniform (2);RandomNormal (1);RandomUniform (2);RandomNormal (1);RandomUniform (2);RandomNormal (1);RandomUniform (2);RandomNormal (1);RandomUniform (2);RandomNormal (1);RandomUniform (2);RandomNormal (1);RandomUniform (2);RandomNormal (1);RandomUniform (2);RandomNormal (1);RandomUniform (2);RandomNormal (1);RandomUniform (2);RandomNormal (1);RandomUniform (2);RandomNormal (1);RandomUniform (2);RandomNormal (1);RandomUniform (2);RandomNormal (1);RandomUniform (2);RandomNormal (1);RandomUniform (2);RandomNormal (1);RandomUniform (2);RandomNormal (1);RandomUniform (2);RandomNormal (1);RandomUniform (2);RandomNormal (1);RandomUniform (2);RandomNormal (1);RandomUniform (2);RandomNormal (1);RandomUniform (2);RandomNormal (1);RandomUniform (2);RandomNormal (1);RandomUniform (2);RandomNormal (1);RandomUniform (2);RandomNormal (1);RandomUniform (2);RandomNormal (1);RandomUniform (2)
W PCA;1;0;0;0;1;0;0;0;0.999558712185631;0.000141728031088197;0.000293505951917749;6.05383136280966E-06;0.999818788788565;7.99024217695229E-05;8.20424037279794E-05;1.9266385937524E-05;0.966473268742892;0.00440955242929683;0.0284826188810185;0.000634559946792792;0.968570817589706;0.00444133747401129;0.0239155826214759;0.00307226231480698;0.876448772366766;0.0476016130836918;0.0420712187347059;0.0338783958148361;0.778888124784274;0.0575789060694913;0.0759401741344369;0.0875927950117973;0.57626097060419;0.149142347976315;0.126664378910739;0.147932302508757;0.592076290345302;0.123771101755257;0.133695524486164;0.150457083413278;0.487233899591652;0.163892834426901;0.163335798056783;0.185537467924663;0.500355170398925;0.182838827170641;0.170574933243606;0.146231069186827;0.253820127504492;0.243284253795364;0.218153326077133;0.284742292623011;0.248811322961487;0.250678061253274;0.229757678710912;0.270752937074327;0.203446490751569;0.3162059185262;0.230612620633363;0.249734970088868;0.181965880067304;0.303971551513859;0.258640122422774;0.255422445996064;0.124594147739943;0.281400971152403;0.304714340838703;0.289290540268951;0.124349006440876;0.33103154421949;0.308223634669204;0.236395814670429;0.0949225575604226;0.304091880785484;0.271719639340796;0.329265922313298;0.0691865266757105;0.316224889983071;0.301221862660466;0.313366720680752;0.00469169733419347;0.31775495568243;0.36335750065885;0.314195846324527;0.00976523506188617;0.356166286728029;0.377813914254703;0.256254563955381;0.00613124393049914;0.346105307130307;0.304831080115918;0.342932368823275;0.000399836843015563;0.380844793914599;0.326836615812406;0.291918753429979;0.00033189421090533;0.316342890906794;0.339115929444373;0.344209285437928;0.00197256623706967;0.334870147797392;0.342918659642992;0.320238626322546;0.0015614488257338;0.370215503370894;0.295804642732336;0.332418405071036;0.000140082793406495;0.295949585243727;0.332044357287693;0.371865974675174;1.91737326605441E-05;0.294642151469056;0.393204548619236;0.312134126179047;0.000166514295972825;0.343189815120432;0.351160461658317;0.305483208925278;0.00016837495471823;0.297771220377923;0.426514731081835;0.275545673585523;9.23084287276843E-05;0.332579570517638;0.362815743991543;0.304512377062091;4.65853516661412E-05;0.346226236022613;0.370604319177236;0.283122859448484;0.000503288080856565;0.356648034765442;0.296495587852744;0.346353089300957;0.000109117853823395;0.289977446200144;0.331086755695048;0.378826680250985;8.90996463783163E-06;0.297459102929926;0.346553164909789;0.355978822195648;2.03044388581743E-05;0.339543979962035;0.369320502074708;0.291115213524399;4.73298261366431E-05;0.310877543406323;0.33552390590938;0.35355122085816;4.84078907700083E-05;0.428834001176704;0.284859687070335;0.286257903862192;1.45197481879295E-06;0.357450933366183;0.257355600937551;0.385192013721447;8.36095920578916E-06;0.294586660074975;0.359412043088491;0.345992935877328;3.39507832026236E-05;0.340543922407624;0.261334073115591;0.398088053693582;1.56747541862808E-05;0.303794032940787;0.378247205756946;0.31794308654808;1.83593494240822E-05;0.360896777628033;0.344306423637526;0.294778439385016
W DE (avg);1;3.0276266957172E-18;5.84022832846506E-17;4.43243205204294E-18;1;2.0245683545606E-18;1.25972862917017E-16;6.42804683654669E-17;0.278068249549942;0.206464774029648;0.124566229701144;0.390900746719266;0.348116995597252;0.197463300846363;0.454419703556385;3.98014790973132E-18;0.487245189212796;0.184078127431537;0.0921504731032717;0.236526210252395;0.247711948677316;0.616886185687566;0.102805615470594;0.0325962501645249;0.270126510764803;0.364788975938694;0.15280639262091;0.212278120675593;0.285804410556087;0.181728223885955;0.189631638259902;0.342835727298056;0.18118107622994;0.147203554065578;0.569680476798122;0.101934892906359;0.451300242261671;0.145081589400349;0.212964175241006;0.190653993096974;0.424045287276726;0.268276377163577;0.1929884362715;0.114689899288197;0.179007827202272;0.168748236978229;0.25751767006025;0.394726265759249;0.223596969659053;0.10239463323118;0.167508985643805;0.506499411465962;0.0747465437392344;0.0130280588851105;0.0497728880913571;0.862452509284298;0.391731940436484;0.298385493872547;0.0313915412064035;0.278491024484566;0.460816555769799;0.0911231654323314;0.227129404999562;0.220930873798307;0.00124783476046175;0.38637346548978;0.106125119754475;0.506253579995283;0.267105756160192;0.617410070105919;0.0274686597923109;0.0880155139415786;0.503063313958324;0.253560418648678;0.10579199005834;0.137584277334657;0.0467608714091794;0.403257065167144;0.171943120667908;0.378038942755769;0.205202361892761;0.201596698707902;0.0593785055821388;0.533822433817199;0.156410263111013;0.390093944454409;0.199178656340122;0.254317136094456;2.3448971637502E-16;0.192135340809299;0.616646196308995;0.191218462881706;0.137210189539957;0.129132885705685;0.117505048270864;0.616151876483494;0.114696492270162;0.155328747159509;0.710339274381524;0.0196354861888051;0.068465105265706;0.280373624976198;0.344523477662306;0.30663779209579;0.000648464911141734;0.217147985272258;0.71959770085214;0.0626058489644597;0.416015634858236;0.176844104424258;0.216393202987846;0.19074705772966;1.66996334380891E-16;0.245272352260544;0.334971443260954;0.419756204478502;0.000137145882798322;0.409008804910712;0.314824025621336;0.276030023585153;0.304152990194379;0.318771708629075;0.0608647861467427;0.316210515029803;9.14989086172221E-17;0.205827256922623;0.284332935831026;0.509839807246351;2.65253745929623E-13;0.124310626063016;0.765079653867176;0.110609720069543;2.82493332003011E-16;0.229752048000448;0.0452099899574188;0.725037962042133;7.41029105804704E-17;0.0906337664061698;0.843378040852028;0.0659881927418021;6.60850784483899E-16;0.0764071106539499;0.315710127604976;0.607882761741073;1.05108620065785E-16;0.158434912406324;0.587212792987292;0.254352294606384;3.91194958271416E-17;0.361423547315158;0.461721799856695;0.176854652828147;9.82379538788319E-14;0.251665071032065;0.389261679298678;0.359073249669159;2.90134917084304E-17;0.106344443611937;0.407338460682355;0.486317095705708;2.08053292171538E-16;0.52427746846902;0.235881395333138;0.239841136197842;1.07356444077372E-16;0.172023213732744;0.43074100808906;0.397235778178196;1.06184772558644E-16;0.695903971221099;0.117866746855303;0.186229281923598;1.64417913388253E-17;0.527357757267186;0.318501583265994;0.15414065946682
