TITLE;24 random variables, variable gain
FOCUS ON;
EXPERIMENT TYPE;SingleAmongManyVaryingGain
PARAMETERS
normalization;Center
pcaRecompositionThreshold;0.95
component;1;2;3;4;5;6;7;8;9;10;11;12;13
type;RandomWeibull;RandomWeibull;RandomWeibull;RandomWeibull;RandomWeibull;RandomWeibull;RandomWeibull;RandomWeibull;RandomWeibull;RandomWeibull;RandomWeibull;RandomWeibull;RandomUniform
p1;0.0123456790123457;0.0123456790123457;0.0123456790123457;0.0123456790123457;0.0123456790123457;0.0123456790123457;0.0123456790123457;0.0123456790123457;0.0123456790123457;0.0123456790123457;0.0123456790123457;0.0123456790123457;0
p2;1;1;1;1;1;1;1;1;1;1;1;1;1
RESULTS
COMMON
distance
which;Manhattan(Average);Manhattan(GeometricAverage);Manhattan(Median);Manhattan(Minimum);Manhattan(MinimumTimesMedian);Manhattan(Summation);Euclidean(Average);Euclidean(GeometricAverage);Euclidean(Median);Euclidean(Minimum);Euclidean(MinimumTimesMedian);Euclidean(Summation)
plain;0.41441;0.41225;0.41667;0.23932;0.099714;507.65;0.058339;0.057351;0.058922;0.020569;0.001212;71.465
PCA;0.57913;0.57562;0.58284;0.32172;0.18751;709.44;0.12149;0.11898;0.12249;0.039202;0.0048017;148.83
DE00;0.58385;0.57946;0.58651;0.37481;0.21554;720.85;0.20551;0.18886;0.19484;0.06153;0.0098217;274.65
DE01;0.58207;0.58008;0.5852;0.37545;0.21223;719.68;0.33209;0.20705;0.21598;0.063467;0.0084041;223.05
DE02;0.58634;0.57767;0.58362;0.37527;0.21616;717.57;0.26422;0.20604;0.22741;0.060272;0.008487;322.22
PCA
weights;2.8545E-05;4.205E-05;3.7998E-05;1.4976E-05;4.1786E-05;4.8271E-06;5.9636E-05;4.5959E-05;4.4015E-05;6.1502E-05;1.4512E-05;2.3214E-05;0.11831;0.060361;0.074179;0.094415;0.067239;0.081848;0.092128;0.085452;0.091686;0.060899;0.089349;0.083717
differential evolutions parameters, by distance type
i;dDE / dP;distance;type;parentWeight;crossover;population;iterations;distance;weights ->
1;1.4089;0.58385;2;0.85;0.5;50;50;Manhattan(Average);0.00042884;0.00049499;0.00066325;0.00082535;0.00012853;0.00049802;0.00052546;0.00021766;0.00030947;0.00017956;0.00022258;0.0029702;0.14076;0.00018548;0.02705;0.13175;0.020364;0.11426;0.13793;0.10912;0.13976;0.017609;0.13714;0.016607
2;1.4046;0.58207;2;0.85;0.5;50;50;Manhattan(Average);0.0002736;0.00012061;0.00039963;0.0019047;3.5545E-06;0.0041568;0.00093661;0.00081216;8.4037E-05;0.00059789;0.00062334;0.00059776;0.13235;0.012412;0.040251;0.12758;0.0015162;0.065074;0.13285;0.071244;0.12064;0.026879;0.12982;0.12888
3;1.4149;0.58634;2;0.85;0.5;50;50;Manhattan(Average);0.0006267;0.00052554;0.00097319;0.00014583;0.00014729;0.00033415;0.00033009;0.0001024;0.00065237;3.3342E-05;0.00023625;0.00011878;0.15797;0.012162;0.013608;0.16472;0.0013374;0.12491;0.15958;0.017613;0.15949;0.010157;0.12631;0.047914
4;1.4071;0.58008;2;0.85;0.5;50;50;Manhattan(GeometricAverage);4.8683E-05;2.0928E-05;0.00054631;0.00054899;1.7442E-05;0.00014163;0.0015118;0.00047149;6.7802E-05;2.1357E-05;3.545E-05;0.00076572;0.14051;0.00078087;0.018091;0.10309;0.0023261;0.084155;0.14044;0.13875;0.11934;0.0017669;0.13367;0.11288
5;1.4056;0.57946;2;0.85;0.5;50;50;Manhattan(GeometricAverage);0.00071104;5.9492E-05;0.00045574;9.7662E-05;0.00012302;0.00064925;0.00028686;0.00059316;0.0002109;4.4894E-05;0.00026036;7.8247E-05;0.12929;0.0023954;0.064162;0.12461;0.00015273;0.12732;0.12866;0.12371;0.12988;0.011675;0.10351;0.051073
6;1.4012;0.57767;2;0.85;0.5;50;50;Manhattan(GeometricAverage);0.00032883;3.1183E-05;0.00011364;0.00052547;0.00058802;5.6267E-05;0.00064601;0.00021721;0.0002819;7.6249E-05;4.4446E-07;0.0003805;0.12382;0.0043227;0.071114;0.1194;0.0029307;0.09535;0.11425;0.10689;0.08718;0.075993;0.098679;0.096814
7;1.5662;0.37481;2;0.85;0.5;50;50;Manhattan(Minimum);0.0030326;0.00044299;0.0013693;0.00036576;0.0015614;0.00016252;0.0036944;0.0015268;0.00079055;0.0030869;0.0006482;0.0018647;0.040472;0.15395;0.07748;0.07895;0.013142;0.083826;0.13717;0.09504;0.088368;0.047299;0.014624;0.15114
8;1.5688;0.37545;2;0.85;0.5;50;50;Manhattan(Minimum);0.001123;0.00078462;0.00058451;0.0036207;0.00039947;0.0022398;0.0045829;0.0021638;0.0048513;0.0041735;0.0040316;0.0078316;0.055905;0.15018;0.053883;0.0084409;0.043653;0.072608;0.15211;0.12031;0.14306;0.045754;0.018079;0.099634
9;1.5681;0.37527;2;0.85;0.5;50;50;Manhattan(Minimum);0.0018545;0.0044777;0.0019859;2.6928E-06;0.00019477;0.0093304;0.007746;0.00065154;0.00035393;0.00028519;0.0054794;0.00023325;0.068232;0.14702;0.032329;0.031469;0.07099;0.065609;0.15064;0.11265;0.13948;0.020522;0.045591;0.082863
10;1.4076;0.58651;2;0.85;0.5;50;50;Manhattan(Median);0.00030518;0.00016238;2.1331E-05;4.8284E-07;0.00039307;0.00011664;0.000138;0.00025206;0.00010143;0.0008772;0.00021493;0.0007515;0.11679;0.00066261;0.083014;0.099889;0.00081211;0.087136;0.088611;0.11292;0.087927;0.10354;0.1;0.11536
11;1.4045;0.5852;2;0.85;0.5;50;50;Manhattan(Median);0.0015823;0.0003761;0.0012824;8.6123E-05;0.0003127;8.8258E-05;0.00026859;0.00058681;0.0010376;0.0020203;6.8616E-05;1.0044E-05;0.11249;0.0051212;0.10415;0.078227;0.06505;0.10494;0.048379;0.10205;0.079288;0.066702;0.11498;0.11091
12;1.4007;0.58362;2;0.85;0.5;50;50;Manhattan(Median);0.00025829;0.0015069;0.0012513;0.00028669;3.683E-05;4.5378E-06;0.0001333;0.00036268;1.9991E-05;7.8401E-05;0.0016987;0.00029607;0.1195;0.072623;0.12043;0.069869;0.009384;0.047233;0.064821;0.07213;0.11219;0.12149;0.12197;0.062425
13;2.1616;0.21554;2;0.85;0.5;50;50;Manhattan(MinimumTimesMedian);3.2446E-05;0.0015062;0.00014021;0.00078187;0.0011099;0.00027673;0.00022802;0.0020026;0.0016555;0.00075934;0.0015794;0.00030472;0.069262;0.12211;0.041626;0.098267;0.076981;0.071245;0.13418;0.071932;0.13193;0.0071756;0.057244;0.10767
14;2.1284;0.21223;2;0.85;0.5;50;50;Manhattan(MinimumTimesMedian);0.0022634;0.0011351;0.0048222;0.0006841;0.00055804;0.0020417;0.00026663;0.00041828;0.0034173;0.0020586;0.00042343;0.0030196;0.075654;0.13211;0.0088886;0.049556;0.095164;0.10051;0.13034;0.064124;0.12425;0.024208;0.059444;0.11465
15;2.1678;0.21616;2;0.85;0.5;50;50;Manhattan(MinimumTimesMedian);0.0019065;0.0039283;8.0527E-05;0.00016253;0.00020634;0.00047302;0.00065888;0.00055467;0.0008134;0.00027271;0.00062516;0.00091116;0.080887;0.12877;0.0027824;0.068247;0.098864;0.087309;0.14514;0.0681;0.13972;0.0057103;0.083171;0.080709
16;1.42;720.85;2;0.85;0.5;50;50;Manhattan(Summation);0.0019039;0.00018412;0.0003039;0.00037006;0.0010494;0.00012814;0.00045957;0.00031466;4.0341E-07;0.0005195;0.0010101;0.00032047;0.23705;0.0071301;0.012833;0.21485;0.012677;0.067758;0.17133;0.027105;0.10613;0.00088468;0.13116;0.0045228
17;1.4135;717.57;2;0.85;0.5;50;50;Manhattan(Summation);0.00055369;9.1466E-05;0.00053237;0.00020565;0.00066051;0.0001397;0.00020634;0.00013679;0.00038827;0.00017512;0.00071404;0.00062938;0.15152;0.0036736;0.0078692;0.15873;0.003974;0.060034;0.1387;0.13984;0.097897;0.0024464;0.13293;0.097954
18;1.4177;719.68;2;0.85;0.5;50;50;Manhattan(Summation);0.00067608;1.1399E-05;0.00011724;0.00031802;0.000199;0.00030983;0.00019954;3.3218E-05;0.00010305;5.506E-05;0.00013329;0.00031423;0.17702;3.8862E-05;0.0058011;0.16449;0.0034929;0.18118;0.15822;0.0068064;0.14852;0.0046876;0.1057;0.041561
19;3.5227;0.20551;2;0.85;0.5;50;50;Euclidean(Average);0.00094063;0.00031936;0.00076303;0.0012165;0.0027413;0.018322;0.0042661;0.0004149;0.00054351;0.0065282;0.01513;0.0006734;0.0024837;0.0089768;0.013937;0.0010594;0.0024912;0.0039517;0.00092246;0.0043697;0.30146;0.00087124;0.31085;0.29677
20;5.6924;0.33209;2;0.85;0.5;50;50;Euclidean(Average);0.0018727;0.004457;0.024504;0.016704;0.0018947;0.0045379;0.01375;0.016319;0.0037203;0.00013103;0.012277;0.007873;0.84321;0.0022287;0.00037531;0.0025348;0.0052599;0.014841;0.00011446;0.0040485;0.0067209;0.010226;0.00082252;0.0015789
21;4.529;0.26422;2;0.85;0.5;50;50;Euclidean(Average);0.0034801;0.0036041;0.0068332;0.0063754;0.000104;0.011757;0.013417;0.0092144;0.00073263;0.0059726;0.00025206;0.0037303;0.46877;0.0018405;0.0012196;0.00084876;0.0007931;0.0035818;0.00059703;0.0018361;0.0034325;0.0057366;0.44223;0.0036411
22;3.2931;0.18886;2;0.85;0.5;50;50;Euclidean(GeometricAverage);0.0044783;0.00037176;0.00063028;0.00087896;0.0010225;0.0063962;0.00051199;0.0032029;0.002264;0.0001066;0.0024883;0.0051475;0.24494;0.0057501;0.0053794;0.23207;4.8051E-05;0.00081634;0.24436;0.0035184;0.23014;0.0011568;0.001969;0.0023441
23;3.6103;0.20705;2;0.85;0.5;50;50;Euclidean(GeometricAverage);0.00016881;0.00021255;0.00016944;0.0026635;0.01396;0.0010701;0.00050351;0.0012202;0.0027822;0.0037757;0.00091777;0.0049541;0.33604;0.0099633;0.0022251;0.33169;0.0034368;0.00093825;0.00094542;0.00026732;0.00046106;0.01115;0.26834;0.0021408
24;3.5926;0.20604;2;0.85;0.5;50;50;Euclidean(GeometricAverage);0.00027772;0.0016469;0.0030585;0.0020103;0.00095853;0.0020188;2.1548E-05;0.00018435;0.0023067;0.01068;0.0070347;0.0070435;0.31232;0.002876;0.0063397;0.0033661;0.0038628;0.0023432;0.2991;0.0003494;0.00042286;4.7021E-06;0.32586;0.0059129
25;2.9913;0.06153;2;0.85;0.5;50;50;Euclidean(Minimum);0.00012574;0.00076515;0.0026355;0.0012099;0.001728;0.0013376;0.00036521;0.0056259;0.003828;0.0017201;0.0026627;0.00062136;0.077158;0.14978;0.00077907;0.0012314;0.1304;0.10939;0.1506;0.11092;0.11199;0.060852;0.070782;0.00349
26;3.0855;0.063467;2;0.85;0.5;50;50;Euclidean(Minimum);0.0029005;0.00075644;0.0048536;0.0069871;0.00079403;0.0018574;0.001707;0.0009238;0.0012404;7.2998E-05;0.0017558;0.0017568;0.094776;0.15212;0.0051158;0.094131;0.00037501;0.083618;0.13802;0.1619;0.14961;0.0008757;0.0046804;0.089172
27;2.9302;0.060272;2;0.85;0.5;50;50;Euclidean(Minimum);0.00047437;0.00067336;0.00097777;0.00085958;0.0031005;0.0010456;0.00087893;0.003976;0.0005829;0.00076555;0.0035645;0.0025723;0.081278;0.14326;0.067328;0.00034164;0.041427;0.083505;0.1386;0.12263;0.13762;0.080196;0.0054057;0.078945
28;3.3067;0.19484;2;0.85;0.5;50;50;Euclidean(Median);0.0015802;0.0046301;0.0017723;0.0043735;0.0019122;0.0026662;0.0038867;0.0026516;0.0039903;0.0013232;0.0028046;0.0015171;0.23218;0.0067685;0.23947;0.0013869;0.00095106;0.0022628;0.23521;0.0035958;0.00096643;0.001639;0.2372;0.0052622
29;3.6656;0.21598;2;0.85;0.5;50;50;Euclidean(Median);0.0062819;0.0037056;0.002679;0.00015208;0.0092508;0.0096467;0.0003073;0.0014839;0.0012871;0.0010378;0.0082225;0.0038786;0.29365;0.0031943;0.00059218;0.00019942;0.0038134;0.30807;0.0053095;0.32228;0.0051272;0.0025207;0.0064092;0.00089723
30;3.8596;0.22741;2;0.85;0.5;50;50;Euclidean(Median);0.0073717;0.0011209;0.0033363;5.0163E-06;0.002944;0.003152;0.001136;0.00052084;0.00276;0.0020659;0.0020442;0.00050352;0.30217;0.0025985;0.0017094;0.0022165;0.006268;0.0067132;0.0054793;0.3211;0.00059199;0.0033264;0.31855;0.0023139
31;8.1038;0.0098217;2;0.85;0.5;50;50;Euclidean(MinimumTimesMedian);0.0030711;8.7977E-05;0.0010858;0.00056089;0.0012918;0.002933;0.0016925;8.978E-05;0.00148;0.00049659;0.0012828;0.0002753;0.15891;0.13211;0.0086292;0.089097;0.00051782;0.00067777;0.14309;0.17211;0.17903;0.00072968;0.0010395;0.099713
32;6.9342;0.0084041;2;0.85;0.5;50;50;Euclidean(MinimumTimesMedian);0.0021378;0.0025013;0.0007361;0.00084776;0.00105;0.0011668;0.011967;0.0011974;0.0028773;0.0011336;0.0012944;0.00016512;0.087998;0.13649;0.0014274;0.10455;0.00017083;0.10213;0.13659;0.14365;0.11443;0.0029194;0.016676;0.12589
33;7.0026;0.008487;2;0.85;0.5;50;50;Euclidean(MinimumTimesMedian);0.0004158;0.0019368;0.00056434;0.010461;0.0045307;7.259E-05;0.0015398;0.0030474;0.00028965;0.0023327;0.0024482;0.00095595;0.090111;0.14653;0.00063399;0.1386;0.00031587;0.1207;0.13701;0.12748;0.12026;0.001313;0.0040562;0.084394
34;3.8431;274.65;2;0.85;0.5;50;50;Euclidean(Summation);0.0040314;0.00013612;0.001323;0.00090894;0.0030901;0.00059002;0.010636;0.00014616;0.0016328;0.0022062;0.00060245;0.0041952;0.32215;0.0032207;0.00092293;0.0008096;0.010602;0.3298;0.001251;0.005642;0.0025649;0.00049151;0.29176;0.0012811
35;3.1211;223.05;2;0.85;0.5;50;50;Euclidean(Summation);0.0012068;0.0034568;0.00047807;0.0023004;0.0032304;0.002123;0.00079884;0.0064222;0.00017903;0.0077527;0.00090971;0.0097605;0.00053243;0.00015535;0.0012519;0.0010798;0.25752;0.17272;0.0037054;0.26806;7.891E-05;0.00091672;0.0024998;0.25285
36;4.5087;322.22;2;0.85;0.5;50;50;Euclidean(Summation);0.0019922;0.001821;0.0011103;0.0043274;0.014242;0.0017679;0.00011824;0.0062846;0.0039144;0.0012734;0.0090133;0.0082323;0.45947;0.0011716;0.0052628;0.00090337;0.0019496;0.0074178;0.44117;0.0061692;0.006001;0.0086997;0.0068697;0.00082358
differential evolutions parameters, by distance
i;dDE / dP;distance;type;parentWeight;crossover;population;iterations;distance;weights ->
1;1.4007;0.58362;2;0.85;0.5;50;50;Manhattan(Median);0.00025829;0.0015069;0.0012513;0.00028669;3.683E-05;4.5378E-06;0.0001333;0.00036268;1.9991E-05;7.8401E-05;0.0016987;0.00029607;0.1195;0.072623;0.12043;0.069869;0.009384;0.047233;0.064821;0.07213;0.11219;0.12149;0.12197;0.062425
2;1.4012;0.57767;2;0.85;0.5;50;50;Manhattan(GeometricAverage);0.00032883;3.1183E-05;0.00011364;0.00052547;0.00058802;5.6267E-05;0.00064601;0.00021721;0.0002819;7.6249E-05;4.4446E-07;0.0003805;0.12382;0.0043227;0.071114;0.1194;0.0029307;0.09535;0.11425;0.10689;0.08718;0.075993;0.098679;0.096814
3;1.4045;0.5852;2;0.85;0.5;50;50;Manhattan(Median);0.0015823;0.0003761;0.0012824;8.6123E-05;0.0003127;8.8258E-05;0.00026859;0.00058681;0.0010376;0.0020203;6.8616E-05;1.0044E-05;0.11249;0.0051212;0.10415;0.078227;0.06505;0.10494;0.048379;0.10205;0.079288;0.066702;0.11498;0.11091
4;1.4046;0.58207;2;0.85;0.5;50;50;Manhattan(Average);0.0002736;0.00012061;0.00039963;0.0019047;3.5545E-06;0.0041568;0.00093661;0.00081216;8.4037E-05;0.00059789;0.00062334;0.00059776;0.13235;0.012412;0.040251;0.12758;0.0015162;0.065074;0.13285;0.071244;0.12064;0.026879;0.12982;0.12888
5;1.4056;0.57946;2;0.85;0.5;50;50;Manhattan(GeometricAverage);0.00071104;5.9492E-05;0.00045574;9.7662E-05;0.00012302;0.00064925;0.00028686;0.00059316;0.0002109;4.4894E-05;0.00026036;7.8247E-05;0.12929;0.0023954;0.064162;0.12461;0.00015273;0.12732;0.12866;0.12371;0.12988;0.011675;0.10351;0.051073
6;1.4071;0.58008;2;0.85;0.5;50;50;Manhattan(GeometricAverage);4.8683E-05;2.0928E-05;0.00054631;0.00054899;1.7442E-05;0.00014163;0.0015118;0.00047149;6.7802E-05;2.1357E-05;3.545E-05;0.00076572;0.14051;0.00078087;0.018091;0.10309;0.0023261;0.084155;0.14044;0.13875;0.11934;0.0017669;0.13367;0.11288
7;1.4076;0.58651;2;0.85;0.5;50;50;Manhattan(Median);0.00030518;0.00016238;2.1331E-05;4.8284E-07;0.00039307;0.00011664;0.000138;0.00025206;0.00010143;0.0008772;0.00021493;0.0007515;0.11679;0.00066261;0.083014;0.099889;0.00081211;0.087136;0.088611;0.11292;0.087927;0.10354;0.1;0.11536
8;1.4089;0.58385;2;0.85;0.5;50;50;Manhattan(Average);0.00042884;0.00049499;0.00066325;0.00082535;0.00012853;0.00049802;0.00052546;0.00021766;0.00030947;0.00017956;0.00022258;0.0029702;0.14076;0.00018548;0.02705;0.13175;0.020364;0.11426;0.13793;0.10912;0.13976;0.017609;0.13714;0.016607
9;1.4135;717.57;2;0.85;0.5;50;50;Manhattan(Summation);0.00055369;9.1466E-05;0.00053237;0.00020565;0.00066051;0.0001397;0.00020634;0.00013679;0.00038827;0.00017512;0.00071404;0.00062938;0.15152;0.0036736;0.0078692;0.15873;0.003974;0.060034;0.1387;0.13984;0.097897;0.0024464;0.13293;0.097954
10;1.4149;0.58634;2;0.85;0.5;50;50;Manhattan(Average);0.0006267;0.00052554;0.00097319;0.00014583;0.00014729;0.00033415;0.00033009;0.0001024;0.00065237;3.3342E-05;0.00023625;0.00011878;0.15797;0.012162;0.013608;0.16472;0.0013374;0.12491;0.15958;0.017613;0.15949;0.010157;0.12631;0.047914
11;1.4177;719.68;2;0.85;0.5;50;50;Manhattan(Summation);0.00067608;1.1399E-05;0.00011724;0.00031802;0.000199;0.00030983;0.00019954;3.3218E-05;0.00010305;5.506E-05;0.00013329;0.00031423;0.17702;3.8862E-05;0.0058011;0.16449;0.0034929;0.18118;0.15822;0.0068064;0.14852;0.0046876;0.1057;0.041561
12;1.42;720.85;2;0.85;0.5;50;50;Manhattan(Summation);0.0019039;0.00018412;0.0003039;0.00037006;0.0010494;0.00012814;0.00045957;0.00031466;4.0341E-07;0.0005195;0.0010101;0.00032047;0.23705;0.0071301;0.012833;0.21485;0.012677;0.067758;0.17133;0.027105;0.10613;0.00088468;0.13116;0.0045228
13;1.5662;0.37481;2;0.85;0.5;50;50;Manhattan(Minimum);0.0030326;0.00044299;0.0013693;0.00036576;0.0015614;0.00016252;0.0036944;0.0015268;0.00079055;0.0030869;0.0006482;0.0018647;0.040472;0.15395;0.07748;0.07895;0.013142;0.083826;0.13717;0.09504;0.088368;0.047299;0.014624;0.15114
14;1.5681;0.37527;2;0.85;0.5;50;50;Manhattan(Minimum);0.0018545;0.0044777;0.0019859;2.6928E-06;0.00019477;0.0093304;0.007746;0.00065154;0.00035393;0.00028519;0.0054794;0.00023325;0.068232;0.14702;0.032329;0.031469;0.07099;0.065609;0.15064;0.11265;0.13948;0.020522;0.045591;0.082863
15;1.5688;0.37545;2;0.85;0.5;50;50;Manhattan(Minimum);0.001123;0.00078462;0.00058451;0.0036207;0.00039947;0.0022398;0.0045829;0.0021638;0.0048513;0.0041735;0.0040316;0.0078316;0.055905;0.15018;0.053883;0.0084409;0.043653;0.072608;0.15211;0.12031;0.14306;0.045754;0.018079;0.099634
16;2.1284;0.21223;2;0.85;0.5;50;50;Manhattan(MinimumTimesMedian);0.0022634;0.0011351;0.0048222;0.0006841;0.00055804;0.0020417;0.00026663;0.00041828;0.0034173;0.0020586;0.00042343;0.0030196;0.075654;0.13211;0.0088886;0.049556;0.095164;0.10051;0.13034;0.064124;0.12425;0.024208;0.059444;0.11465
17;2.1616;0.21554;2;0.85;0.5;50;50;Manhattan(MinimumTimesMedian);3.2446E-05;0.0015062;0.00014021;0.00078187;0.0011099;0.00027673;0.00022802;0.0020026;0.0016555;0.00075934;0.0015794;0.00030472;0.069262;0.12211;0.041626;0.098267;0.076981;0.071245;0.13418;0.071932;0.13193;0.0071756;0.057244;0.10767
18;2.1678;0.21616;2;0.85;0.5;50;50;Manhattan(MinimumTimesMedian);0.0019065;0.0039283;8.0527E-05;0.00016253;0.00020634;0.00047302;0.00065888;0.00055467;0.0008134;0.00027271;0.00062516;0.00091116;0.080887;0.12877;0.0027824;0.068247;0.098864;0.087309;0.14514;0.0681;0.13972;0.0057103;0.083171;0.080709
19;2.9302;0.060272;2;0.85;0.5;50;50;Euclidean(Minimum);0.00047437;0.00067336;0.00097777;0.00085958;0.0031005;0.0010456;0.00087893;0.003976;0.0005829;0.00076555;0.0035645;0.0025723;0.081278;0.14326;0.067328;0.00034164;0.041427;0.083505;0.1386;0.12263;0.13762;0.080196;0.0054057;0.078945
20;2.9913;0.06153;2;0.85;0.5;50;50;Euclidean(Minimum);0.00012574;0.00076515;0.0026355;0.0012099;0.001728;0.0013376;0.00036521;0.0056259;0.003828;0.0017201;0.0026627;0.00062136;0.077158;0.14978;0.00077907;0.0012314;0.1304;0.10939;0.1506;0.11092;0.11199;0.060852;0.070782;0.00349
21;3.0855;0.063467;2;0.85;0.5;50;50;Euclidean(Minimum);0.0029005;0.00075644;0.0048536;0.0069871;0.00079403;0.0018574;0.001707;0.0009238;0.0012404;7.2998E-05;0.0017558;0.0017568;0.094776;0.15212;0.0051158;0.094131;0.00037501;0.083618;0.13802;0.1619;0.14961;0.0008757;0.0046804;0.089172
22;3.1211;223.05;2;0.85;0.5;50;50;Euclidean(Summation);0.0012068;0.0034568;0.00047807;0.0023004;0.0032304;0.002123;0.00079884;0.0064222;0.00017903;0.0077527;0.00090971;0.0097605;0.00053243;0.00015535;0.0012519;0.0010798;0.25752;0.17272;0.0037054;0.26806;7.891E-05;0.00091672;0.0024998;0.25285
23;3.2931;0.18886;2;0.85;0.5;50;50;Euclidean(GeometricAverage);0.0044783;0.00037176;0.00063028;0.00087896;0.0010225;0.0063962;0.00051199;0.0032029;0.002264;0.0001066;0.0024883;0.0051475;0.24494;0.0057501;0.0053794;0.23207;4.8051E-05;0.00081634;0.24436;0.0035184;0.23014;0.0011568;0.001969;0.0023441
24;3.3067;0.19484;2;0.85;0.5;50;50;Euclidean(Median);0.0015802;0.0046301;0.0017723;0.0043735;0.0019122;0.0026662;0.0038867;0.0026516;0.0039903;0.0013232;0.0028046;0.0015171;0.23218;0.0067685;0.23947;0.0013869;0.00095106;0.0022628;0.23521;0.0035958;0.00096643;0.001639;0.2372;0.0052622
25;3.5227;0.20551;2;0.85;0.5;50;50;Euclidean(Average);0.00094063;0.00031936;0.00076303;0.0012165;0.0027413;0.018322;0.0042661;0.0004149;0.00054351;0.0065282;0.01513;0.0006734;0.0024837;0.0089768;0.013937;0.0010594;0.0024912;0.0039517;0.00092246;0.0043697;0.30146;0.00087124;0.31085;0.29677
26;3.5926;0.20604;2;0.85;0.5;50;50;Euclidean(GeometricAverage);0.00027772;0.0016469;0.0030585;0.0020103;0.00095853;0.0020188;2.1548E-05;0.00018435;0.0023067;0.01068;0.0070347;0.0070435;0.31232;0.002876;0.0063397;0.0033661;0.0038628;0.0023432;0.2991;0.0003494;0.00042286;4.7021E-06;0.32586;0.0059129
27;3.6103;0.20705;2;0.85;0.5;50;50;Euclidean(GeometricAverage);0.00016881;0.00021255;0.00016944;0.0026635;0.01396;0.0010701;0.00050351;0.0012202;0.0027822;0.0037757;0.00091777;0.0049541;0.33604;0.0099633;0.0022251;0.33169;0.0034368;0.00093825;0.00094542;0.00026732;0.00046106;0.01115;0.26834;0.0021408
28;3.6656;0.21598;2;0.85;0.5;50;50;Euclidean(Median);0.0062819;0.0037056;0.002679;0.00015208;0.0092508;0.0096467;0.0003073;0.0014839;0.0012871;0.0010378;0.0082225;0.0038786;0.29365;0.0031943;0.00059218;0.00019942;0.0038134;0.30807;0.0053095;0.32228;0.0051272;0.0025207;0.0064092;0.00089723
29;3.8431;274.65;2;0.85;0.5;50;50;Euclidean(Summation);0.0040314;0.00013612;0.001323;0.00090894;0.0030901;0.00059002;0.010636;0.00014616;0.0016328;0.0022062;0.00060245;0.0041952;0.32215;0.0032207;0.00092293;0.0008096;0.010602;0.3298;0.001251;0.005642;0.0025649;0.00049151;0.29176;0.0012811
30;3.8596;0.22741;2;0.85;0.5;50;50;Euclidean(Median);0.0073717;0.0011209;0.0033363;5.0163E-06;0.002944;0.003152;0.001136;0.00052084;0.00276;0.0020659;0.0020442;0.00050352;0.30217;0.0025985;0.0017094;0.0022165;0.006268;0.0067132;0.0054793;0.3211;0.00059199;0.0033264;0.31855;0.0023139
31;4.5087;322.22;2;0.85;0.5;50;50;Euclidean(Summation);0.0019922;0.001821;0.0011103;0.0043274;0.014242;0.0017679;0.00011824;0.0062846;0.0039144;0.0012734;0.0090133;0.0082323;0.45947;0.0011716;0.0052628;0.00090337;0.0019496;0.0074178;0.44117;0.0061692;0.006001;0.0086997;0.0068697;0.00082358
32;4.529;0.26422;2;0.85;0.5;50;50;Euclidean(Average);0.0034801;0.0036041;0.0068332;0.0063754;0.000104;0.011757;0.013417;0.0092144;0.00073263;0.0059726;0.00025206;0.0037303;0.46877;0.0018405;0.0012196;0.00084876;0.0007931;0.0035818;0.00059703;0.0018361;0.0034325;0.0057366;0.44223;0.0036411
33;5.6924;0.33209;2;0.85;0.5;50;50;Euclidean(Average);0.0018727;0.004457;0.024504;0.016704;0.0018947;0.0045379;0.01375;0.016319;0.0037203;0.00013103;0.012277;0.007873;0.84321;0.0022287;0.00037531;0.0025348;0.0052599;0.014841;0.00011446;0.0040485;0.0067209;0.010226;0.00082252;0.0015789
34;6.9342;0.0084041;2;0.85;0.5;50;50;Euclidean(MinimumTimesMedian);0.0021378;0.0025013;0.0007361;0.00084776;0.00105;0.0011668;0.011967;0.0011974;0.0028773;0.0011336;0.0012944;0.00016512;0.087998;0.13649;0.0014274;0.10455;0.00017083;0.10213;0.13659;0.14365;0.11443;0.0029194;0.016676;0.12589
35;7.0026;0.008487;2;0.85;0.5;50;50;Euclidean(MinimumTimesMedian);0.0004158;0.0019368;0.00056434;0.010461;0.0045307;7.259E-05;0.0015398;0.0030474;0.00028965;0.0023327;0.0024482;0.00095595;0.090111;0.14653;0.00063399;0.1386;0.00031587;0.1207;0.13701;0.12748;0.12026;0.001313;0.0040562;0.084394
36;8.1038;0.0098217;2;0.85;0.5;50;50;Euclidean(MinimumTimesMedian);0.0030711;8.7977E-05;0.0010858;0.00056089;0.0012918;0.002933;0.0016925;8.978E-05;0.00148;0.00049659;0.0012828;0.0002753;0.15891;0.13211;0.0086292;0.089097;0.00051782;0.00067777;0.14309;0.17211;0.17903;0.00072968;0.0010395;0.099713
population
1;0.0032352;0.0040232;0.011295;0.0067125;0.0022876;0.0010682;0.00019679;0.010935;0.0069163;0.0027766;0.0089718;0.0060633;0.058757;0.50198;0.73777;0.46452;0.1296;0.039709;0.65537;0.85615;0.48941;0.060758;0.58216;0.39892
2;0.0080448;0.0028878;0.019463;0.011212;0.010412;0.023565;0.0073519;0.0099678;0.019153;0.014137;0.0054776;0.0006694;0.22527;0.68602;0.17371;0.95519;0.17657;0.57149;0.019022;0.10037;0.93835;0.67076;0.048128;0.81761
3;0.010476;0.01545;0.0344;0.0087195;0.012432;0.021069;0.0022822;0.01614;0.026741;0.0048366;0.014775;0.0010557;0.13432;0.40761;0.75934;0.6984;0.22692;0.034302;0.80699;0.34401;0.69557;0.24882;0.995;0.68418
4;0.0014985;0.0030104;0.033173;0.024864;0.015621;0.0032473;0.01954;0.00012773;0.0088743;0.005378;0.00081742;0.0084403;0.96631;0.27758;0.31525;0.48676;0.8526;0.18431;0.54055;0.82682;0.59996;0.9858;0.71394;0.080974
5;0.0034604;0.021034;0.014645;0.0098018;0.0035574;0.010496;0.0027329;0.0059955;0.023698;0.00084476;0.0038808;0.0067267;0.937;0.61401;0.83233;0.90169;0.37528;0.60845;0.16404;0.15126;0.88551;0.85401;0.20858;0.81688
6;0.0050489;0.00077258;0.035807;0.022152;0.0039917;0.017638;0.0034306;0.0092891;0.020341;0.0090736;0.018757;0.0023609;0.12758;0.37296;0.40091;0.44674;0.64933;0.89779;0.33175;0.92797;0.62528;0.34854;0.75123;0.71199
7;0.0050831;0.0057412;0.024821;0.0092703;0.00056922;0.024664;0.020474;0.0015688;0.027852;0.0065466;0.0018271;0.0035229;0.72301;0.70469;0.53434;0.09169;0.37542;0.27308;0.52932;0.82078;0.4675;0.47494;0.7213;0.92059
8;0.014939;0.037837;0.012064;0.010804;0.024634;0.0080186;0.013318;0.0021445;0.0027448;0.0025619;0.00060277;0.006496;0.020344;0.43046;0.26879;0.25285;0.26859;0.32166;0.70858;0.025092;0.97006;0.30046;0.26827;0.057629
9;0.01055;0.0058675;8.1103E-05;0.0045905;0.031925;0.0030408;0.078234;0.0039413;0.018874;0.0037006;0.019379;0.010851;0.63799;0.0067502;0.40346;0.6572;0.32715;0.34978;0.48968;0.54266;0.27336;0.36478;0.58396;0.70584
10;0.017705;0.02134;0.0019774;0.025215;0.0028554;0.003305;0.027361;0.0066067;0.021504;0.01323;0.020592;0.010888;0.012469;0.84214;0.81663;0.62157;0.58136;0.24961;0.25956;0.32043;0.78665;0.53944;0.31349;0.61085
11;0.019867;0.0058801;0.020886;0.0011557;0.0072574;0.011796;0.012355;0.056744;0.0018189;0.0073448;0.0076115;0.015864;0.058967;0.10881;0.6773;0.4447;0.5158;0.87747;0.96367;0.22307;0.31326;0.27451;0.51008;0.52259
12;0.014011;0.0059813;0.015781;0.021155;0.010351;0.017934;0.01029;0.0010257;0.0094621;0.0089661;0.0061615;0.0075616;0.99041;0.98368;0.5937;0.89331;0.92579;0.56774;0.27266;0.13477;0.96517;0.51777;0.60354;0.053852
13;0.014933;0.0058291;0.017784;0.016166;0.024233;0.006489;0.0059771;0.012171;0.0089393;0.0094996;0.0022479;0.0015144;0.47361;0.463;0.39221;0.92925;0.29576;0.3681;0.20877;0.53874;0.82085;0.14463;0.60592;0.91883
14;0.0055501;0.0068033;0.014261;0.011024;0.0092142;0.00033148;0.00054838;0.0086113;0.0017011;0.0099751;0.019064;0.004153;0.45074;0.45513;0.27258;0.084181;0.22683;0.67122;0.93926;0.66049;0.90229;0.83867;0.94106;0.44346
15;0.0018824;0.00024579;0.027367;0.0022863;0.0086809;0.0038584;0.014353;0.00076604;0.058396;0.00067267;0.0084551;0.0015369;0.30579;0.27724;0.74619;0.44019;0.67835;0.55582;0.76365;0.079014;0.69082;0.18617;0.4659;0.38809
16;0.01502;0.043863;0.019243;0.0073693;0.0029276;9.7562E-05;0.0041263;0.011594;0.0031782;0.024727;0.013231;0.021762;0.60732;0.13874;0.92183;0.21133;0.12912;0.98493;0.50379;0.40867;0.80971;0.5645;0.74266;0.80778
17;0.0046454;0.0032028;0.0020638;0.0071343;0.01626;0.0048096;0.0029716;0.0049216;0.0047003;0.041476;0.021527;0.0041875;0.84999;0.37508;0.78525;0.21803;0.60159;0.88863;0.65864;0.93729;0.81587;0.92273;0.21938;0.40849
18;0.014923;0.018445;0.00075555;0.0068306;0.0073122;0.0012036;0.0083562;0.0031825;0.00026643;0.0069854;0.015194;0.0056499;0.85037;0.18524;0.31631;0.9219;0.82895;0.3323;0.43157;0.42696;0.42554;0.73311;0.29956;0.27914
19;0.011891;0.012715;0.00299;0.014939;0.013485;0.007973;0.031306;0.0087864;0.0039944;0.017273;0.0031206;0.0014799;0.81982;0.7181;0.96436;0.96083;0.19305;0.92421;0.26744;0.83039;0.087139;0.94146;0.77111;0.75599
20;0.020594;0.0052276;0.018356;0.018459;0.021316;0.0059575;0.029749;0.0086901;0.0011669;0.0071182;0.012495;0.0014869;0.91316;0.096589;0.24682;0.074072;0.60768;0.13511;0.041555;0.1871;0.086083;0.17886;0.71641;0.91428
21;0.0091048;0.003619;0.020616;0.034035;0.0011723;0.0039104;0.018482;0.015284;0.02443;0.00044385;0.0039208;0.0061705;0.26623;0.99158;0.48163;0.60194;0.025404;0.42088;0.81483;0.1714;0.65034;0.81597;0.87225;0.97863
22;0.012461;0.019014;0.016429;0.0035823;0.00073171;0.01297;0.017615;0.013181;0.0029902;0.0038622;0.031252;0.0084023;0.028192;0.17892;0.66483;0.40714;0.41942;0.37317;0.80622;0.19519;0.034548;0.73486;0.92814;0.22656
23;0.054191;0.042496;0.0068934;0.0049521;0.025295;0.01644;0.0041701;0.009877;0.014094;0.0072089;0.005074;0.0084878;0.13778;0.53701;0.00034273;0.34908;0.69344;0.60545;0.62254;0.35773;0.94771;0.53083;0.25487;0.0057675
24;2.7974E-05;0.0036072;0.020887;0.0087674;0.0017261;0.002792;0.0061825;0.0027112;0.013708;0.00057612;0.0036099;0.0065325;0.59706;0.54651;0.26504;0.035297;0.60827;0.71105;0.90492;0.38794;0.28842;0.49993;0.81217;0.99457
25;0.0029581;0.0033213;0.00059265;0.0036886;0.040698;0.0021397;0.028438;0.019988;0.022313;0.034461;0.036694;0.014101;0.94586;0.023155;0.028918;0.30601;0.57275;0.24573;0.068659;0.68604;0.12935;0.41808;0.23267;0.70475
26;0.015771;0.024648;0.0016043;0.00095575;0.0030568;0.012354;0.014145;0.0088158;0.010295;0.011275;0.0045697;0.01079;0.66805;0.14413;0.84532;0.16484;0.03775;0.18999;0.80585;0.18714;0.54036;0.070502;0.75376;0.38364
27;0.01148;0.041042;0.00037927;0.014062;0.0057259;0.0032466;0.016392;0.018362;0.015341;0.094607;0.0053529;0.0039601;0.67799;0.68741;0.52558;0.61605;0.74018;0.36869;0.74259;0.27568;0.44437;0.88138;0.83408;0.16948
28;0.0018226;0.015838;0.015421;0.0018048;0.049476;0.0098246;0.0024103;0.0090868;0.0049595;0.0156;0.022614;0.0064637;0.88492;0.63807;0.956;0.59228;0.59543;0.77744;0.20277;0.9114;0.40118;0.54237;0.79316;0.89442
29;0.011844;0.011787;0.00040578;0.0038249;0.03345;0.0017925;0.0099748;0.016284;0.015305;0.010806;0.035011;0.0030692;0.52766;0.51889;0.33675;0.95605;0.88776;0.25235;0.84685;0.098661;0.84066;0.98631;0.96128;0.49228
30;0.0023199;0.032549;0.017629;0.013315;0.0095797;0.0051219;0.0044626;0.010302;0.00053626;0.047286;0.0026281;0.0086082;0.30312;0.79682;0.58192;0.78336;0.18125;0.086994;0.21761;0.68995;0.45621;0.28523;0.89194;0.12432
31;0.0073831;0.0019061;0.006063;0.00062688;0.0090569;0.014359;0.029116;0.0025826;0.023469;0.0021911;0.0089386;0.0021521;0.91046;0.59878;0.76856;0.68909;0.66332;8.8996E-05;0.97922;0.63252;0.086123;0.14789;0.37904;0.22319
32;0.0065175;0.002199;0.013637;0.011232;0.00075575;0.0027369;0.014881;0.062277;0.0018704;0.0058708;0.020664;0.016931;0.87371;0.95592;0.45049;0.061944;0.13821;0.81876;0.46277;0.30926;0.25798;0.81003;0.082593;0.46113
33;0.001244;0.023913;0.0055344;0.072305;0.015945;0.024217;0.00072054;0.019467;0.03034;0.0047879;0.031671;0.01303;0.68078;0.37306;0.71541;0.25355;0.40221;0.16199;0.33985;0.73919;0.40443;0.43649;0.28071;0.50824
34;0.0096428;0.0025036;0.0075743;0.0090311;0.011588;0.0046125;0.0028091;0.0011373;0.036001;0.0038242;0.016227;0.0076657;0.99972;0.087981;0.61327;0.92437;0.70716;0.98653;0.72398;0.098502;0.28569;0.45214;0.12523;0.54009
35;0.01131;0.0055373;0.0099554;0.010619;0.035658;0.024016;0.0012239;0.0013589;0.0069828;0.0077004;0.0043147;0.042632;0.57951;0.38396;0.41355;0.61265;0.41643;0.38706;0.027443;0.73761;0.14003;0.41418;0.43745;0.7915
36;0.002652;0.0021964;0.00018991;0.0083837;0.01104;0.0039844;0.010473;0.0098632;0.0035285;0.0037604;0.0038151;0.0068566;0.89017;0.54278;0.70643;0.0045316;0.55316;0.24647;0.80345;0.95614;0.19972;0.60915;0.39345;0.33471
37;0.015103;0.00059883;0.0066806;0.039265;0.0019104;0.0079831;0.071646;0.019277;0.0057122;0.00011637;0.0065899;0.016183;0.031219;0.044148;0.20269;0.43309;0.62277;0.74493;0.49579;0.72671;0.54398;0.46555;0.39223;0.69563
38;0.0029476;0.0053274;0.0024261;0.0045062;0.0081974;0.004354;0.0037445;0.017671;0.008559;0.037769;0.015187;0.0050113;0.51572;0.59152;0.21492;0.090628;0.38247;0.38844;0.82303;0.7819;0.77697;0.3421;0.22318;0.94941
39;0.0004373;0.030445;0.049785;0.010002;0.016949;0.015578;0.014911;0.015019;0.01941;0.0024578;0.01394;0.03392;0.042474;0.33076;0.17212;0.16324;0.68599;0.65165;0.25652;0.2341;0.47774;0.80024;0.28415;0.74097
40;0.019519;0.0021639;0.010152;0.039423;0.024663;0.0019414;0.048921;0.0075896;0.0093205;0.00060057;0.00046974;0.017167;0.026304;0.3215;0.14906;0.51535;0.75823;0.76227;0.73756;0.75905;0.36599;0.47178;0.44589;0.90318
41;0.0093079;0.016305;0.007815;0.0010228;0.038702;0.0094931;0.0035555;0.00045555;0.0021375;0.00041471;0.0021697;0.0035815;0.30334;0.57917;0.33353;0.69137;0.37573;0.30598;0.055122;0.84671;0.90229;0.61593;0.24836;0.925
42;0.013238;0.012978;0.0052266;0.0060563;0.0015588;0.0047119;0.0073084;0.008578;0.0030842;0.021254;0.0099854;0.0044912;0.66695;0.21403;0.82914;0.89048;0.72728;0.42069;0.8069;0.058571;0.10095;0.38178;0.23511;0.58389
43;0.022279;0.00011276;0.00098067;0.00010215;0.0065316;0.00020747;0.0040787;0.019405;0.019434;0.0060966;0.011839;0.034416;0.35178;0.70355;0.40111;0.69735;0.10461;0.37259;0.924;0.67165;0.33867;0.93706;0.087422;0.85748
44;0.014811;0.020636;0.016846;0.032845;0.016162;0.0025911;0.0031139;0.0014884;0.06093;0.00032789;0.03941;0.0025583;0.99827;0.33154;0.90875;0.91557;0.9177;0.89662;0.26416;0.63266;0.65706;0.7004;0.097924;0.52689
45;0.046017;0.016587;0.001413;0.012833;0.019666;0.004503;0.015481;0.0094099;0.021538;0.00048302;0.019991;0.0098571;0.86326;0.32166;0.42315;0.9594;0.15723;0.92789;0.86927;0.61585;0.84478;0.25953;0.075036;0.78997
46;0.010603;0.00043919;0.023212;0.0009116;0.015687;0.0033244;0.020105;0.0036533;0.0011448;0.036128;0.0018003;0.012918;0.7779;0.42365;0.43857;0.66586;0.70044;0.00044495;0.082854;0.68298;0.012612;0.33765;0.14938;0.26027
47;0.01152;0.0096851;0.0044209;0.0030746;0.032307;0.0080081;0.0064144;0.020288;0.0094331;0.061297;0.00057391;0.012931;0.21652;0.35811;0.97227;0.39871;0.011174;0.70059;0.75735;0.56857;0.24583;0.1652;0.98827;0.16257
48;0.0021154;0.012889;0.0072796;0.0005954;0.012425;0.015356;0.040789;0.020274;0.0024064;0.010434;0.002497;0.00046487;0.61208;0.78194;0.95762;0.56888;0.38481;0.43511;0.77457;0.39911;0.0074196;0.81593;0.40626;0.36428
49;0.0077735;0.014365;0.00082086;0.026895;0.0036747;0.0201;0.0070031;0.005121;0.017727;0.033167;0.0048743;0.020316;0.95423;0.93701;0.42647;0.28034;0.1482;0.46108;0.65342;0.62464;0.052434;0.73967;0.064974;0.39896
50;0.021219;0.014445;0.019931;0.0071853;0.0076693;0.0030562;0.0024873;0.038842;0.0047741;0.018102;0.0097064;0.0017309;0.12582;0.50148;0.91038;0.073445;0.31433;0.091077;0.13117;0.9174;0.3664;0.50498;0.16307;0.43403
normalized population
1;-0.0079843;-0.0083631;-0.0012648;-0.0058028;-0.01152;-0.0073776;-0.014323;-0.00088192;-0.0067257;-0.010824;-0.0026198;-0.0032101;-0.47365;0.040164;0.20071;-0.044606;-0.32837;-0.43285;0.12422;0.35023;0.00043572;-0.46572;0.10305;-0.15556
2;-0.0031747;-0.0094984;0.0069023;-0.0013028;-0.0033953;0.015119;-0.0071683;-0.0018493;0.0055108;0.00053657;-0.006114;-0.008604;-0.30714;0.22421;-0.36335;0.44606;-0.2814;0.098935;-0.51212;-0.40555;0.44938;0.14428;-0.43099;0.26313
3;-0.00074386;0.003064;0.02184;-0.0037957;-0.0013752;0.012623;-0.012238;0.0043227;0.013099;-0.008764;0.003183;-0.0082177;-0.39809;-0.054209;0.22228;0.18928;-0.23106;-0.43825;0.27585;-0.16191;0.20659;-0.27766;0.51589;0.12971
4;-0.009721;-0.0093759;0.020613;0.012349;0.0018134;-0.0051985;0.0050203;-0.011689;-0.0047677;-0.0082226;-0.010774;-0.00083311;0.43391;-0.18424;-0.22181;-0.02237;0.39462;-0.28824;0.0094052;0.3209;0.11098;0.45932;0.23482;-0.4735
5;-0.0077591;0.0086475;0.0020847;-0.0027134;-0.01025;0.0020498;-0.011787;-0.0058216;0.010056;-0.012756;-0.0077108;-0.0025467;0.4046;0.15219;0.29528;0.39257;-0.082699;0.13589;-0.3671;-0.35466;0.39654;0.32753;-0.27053;0.2624
6;-0.0061706;-0.011614;0.023247;0.0096369;-0.0098159;0.0091927;-0.01109;-0.0025281;0.0066994;-0.004527;0.0071656;-0.0069125;-0.40483;-0.088853;-0.13615;-0.062383;0.19136;0.42523;-0.19939;0.42204;0.13631;-0.17793;0.27211;0.15751
7;-0.0061365;-0.006645;0.012261;-0.0032449;-0.013238;0.016218;0.0059537;-0.010248;0.01421;-0.007054;-0.0097645;-0.0057505;0.1906;0.24287;-0.002721;-0.41744;-0.082561;-0.19947;-0.0018209;0.31486;-0.021477;-0.051536;0.24218;0.36612
8;0.0037191;0.025451;-0.00049652;-0.0017116;0.010826;-0.00042715;-0.0012019;-0.0096727;-0.010897;-0.011039;-0.010989;-0.0027774;-0.51206;-0.031357;-0.26827;-0.25627;-0.18938;-0.15089;0.17744;-0.48083;0.48109;-0.22602;-0.21085;-0.49685
9;-0.00066932;-0.0065187;-0.012479;-0.0079247;0.018118;-0.0054049;0.063714;-0.0078759;0.0052323;-0.0099;0.0077871;0.0015774;0.10559;-0.45507;-0.1336;0.14807;-0.13083;-0.12277;-0.041461;0.036732;-0.21561;-0.1617;0.10485;0.15137
10;0.0064853;0.0089541;-0.010583;0.0127;-0.010952;-0.0051407;0.012841;-0.0052105;0.0078623;-0.00037091;0.0090004;0.0016144;-0.51994;0.38032;0.27958;0.11244;0.12339;-0.22295;-0.27158;-0.18549;0.29768;0.012958;-0.16562;0.056373
11;0.0086474;-0.0065062;0.0083256;-0.01136;-0.0065502;0.0033504;-0.0021656;0.044927;-0.011823;-0.0062558;-0.0039801;0.0065909;-0.47344;-0.35301;0.14024;-0.064421;0.057823;0.40492;0.43253;-0.28286;-0.17571;-0.25197;0.030964;-0.031889
12;0.0027916;-0.0064049;0.003221;0.0086393;-0.0034566;0.0094885;-0.0042307;-0.010791;-0.0041799;-0.0046345;-0.0054301;-0.0017118;0.45801;0.52186;0.056638;0.38419;0.46782;0.095185;-0.25848;-0.37116;0.47619;-0.0087064;0.12443;-0.50062
13;0.003713;-0.0065571;0.0052236;0.003651;0.010425;-0.0019568;-0.0085431;0.00035405;-0.0047027;-0.004101;-0.0093438;-0.007759;-0.058796;0.0011874;-0.14485;0.42012;-0.16222;-0.10446;-0.32237;0.032815;0.33187;-0.38185;0.12681;0.36436
14;-0.0056695;-0.0055829;0.0017008;-0.0014913;-0.0045935;-0.0081143;-0.013972;-0.0032059;-0.011941;-0.0036255;0.0074725;-0.0051204;-0.081669;-0.0066873;-0.26448;-0.42495;-0.23115;0.19867;0.40812;0.15456;0.41332;0.31219;0.46195;-0.11102
15;-0.0093371;-0.01214;0.014807;-0.010229;-0.0051268;-0.0045873;-0.00016736;-0.011051;0.044754;-0.012928;-0.0031366;-0.0077365;-0.22661;-0.18457;0.20913;-0.068941;0.22037;0.083267;0.2325;-0.42691;0.20185;-0.34031;-0.01321;-0.16639
16;0.0038001;0.031477;0.0066829;-0.005146;-0.01088;-0.0083482;-0.010394;-0.00022341;-0.010464;0.011126;0.0016398;0.012488;0.074918;-0.32308;0.38477;-0.2978;-0.32885;0.51237;-0.027352;-0.097255;0.32074;0.038025;0.26354;0.2533
17;-0.0065741;-0.0091834;-0.010496;-0.005381;0.0024521;-0.0036361;-0.011549;-0.0068956;-0.0089417;0.027875;0.009935;-0.0050859;0.31758;-0.08674;0.24819;-0.2911;0.14361;0.41608;0.1275;0.43136;0.3269;0.39625;-0.25973;-0.14598
18;0.0037036;0.0060584;-0.011805;-0.0056847;-0.0064955;-0.0072421;-0.006164;-0.0086347;-0.013376;-0.0066152;0.0036028;-0.0036235;0.31797;-0.27657;-0.22075;0.41278;0.37098;-0.14025;-0.099569;-0.078969;-0.063434;0.20664;-0.17955;-0.27534
19;0.00067143;0.00032895;-0.0095703;0.0024242;-0.00032272;-0.00047272;0.016786;-0.0030308;-0.0096476;0.0036724;-0.008471;-0.0077935;0.28741;0.25629;0.4273;0.4517;-0.26492;0.45166;-0.2637;0.32447;-0.40183;0.41498;0.292;0.20151
20;0.0093749;-0.0071586;0.0057959;0.0059438;0.0075086;-0.0024882;0.015229;-0.0031271;-0.012475;-0.0064824;0.00090317;-0.0077865;0.38075;-0.36523;-0.29023;-0.43505;0.1497;-0.33744;-0.48959;-0.31882;-0.40289;-0.34762;0.23729;0.3598
21;-0.0021147;-0.0087673;0.0080552;0.021519;-0.012635;-0.0045354;0.0039623;0.0034664;0.010788;-0.013157;-0.0076708;-0.0031029;-0.26618;0.52977;-0.05543;0.09281;-0.43257;-0.051673;0.28369;-0.33453;0.16137;0.28949;0.39314;0.42415
22;0.0012418;0.0066278;0.0038687;-0.0089329;-0.013076;0.0045247;0.0030952;0.0013641;-0.010652;-0.0097384;0.019661;-0.00087109;-0.50421;-0.2829;0.12778;-0.10198;-0.038562;-0.099382;0.27508;-0.31073;-0.45442;0.20838;0.44902;-0.32791
23;0.042972;0.03011;-0.0056669;-0.0075631;0.011487;0.0079941;-0.01035;-0.0019401;0.00045199;-0.0063917;-0.0065177;-0.0007856;-0.39463;0.075192;-0.53672;-0.16005;0.23546;0.13289;0.091394;-0.14819;0.45873;0.004353;-0.22424;-0.54871
24;-0.011192;-0.008779;0.0083267;-0.0037478;-0.012082;-0.0056538;-0.0083377;-0.0091059;6.6461E-05;-0.013024;-0.0079817;-0.0027409;0.064655;0.084697;-0.27202;-0.47383;0.1503;0.23849;0.37377;-0.11799;-0.20055;-0.026551;0.33305;0.44009
25;-0.0082615;-0.0090649;-0.011968;-0.0088266;0.02689;-0.0063061;0.013918;0.0081705;0.0086712;0.020861;0.025103;0.0048278;0.41345;-0.43866;-0.50814;-0.20311;0.11477;-0.22682;-0.46248;0.18011;-0.35962;-0.10839;-0.24644;0.15028
26;0.0045512;0.012261;-0.010956;-0.01156;-0.010751;0.0039078;-0.00037516;-0.0030014;-0.0033474;-0.002326;-0.0070219;0.0015171;0.13564;-0.31769;0.30826;-0.34429;-0.42023;-0.28257;0.2747;-0.31878;0.05139;-0.45597;0.27465;-0.17084
27;0.00026024;0.028656;-0.012181;0.0015465;-0.0080818;-0.0051991;0.0018716;0.0065448;0.0016994;0.081006;-0.0062387;-0.0053133;0.14558;0.22559;-0.011479;0.10692;0.28221;-0.10387;0.21145;-0.23025;-0.044605;0.3549;0.35497;-0.38499
28;-0.0093969;0.0034521;0.0028603;-0.01071;0.035668;0.0013788;-0.01211;-0.0027303;-0.0086825;0.0019992;0.011022;-0.0028097;0.35251;0.17625;0.41894;0.083153;0.13745;0.30489;-0.32838;0.40547;-0.087793;0.015896;0.31405;0.33994
29;0.00062407;-0.00059925;-0.012155;-0.0086904;0.019642;-0.0066532;-0.0045454;0.0044672;0.0016628;-0.0027944;0.023419;-0.0062042;-0.0047493;0.057072;-0.20031;0.44692;0.42978;-0.2202;0.31571;-0.40726;0.35169;0.45983;0.48216;-0.062191
30;-0.0088996;0.020163;0.0050687;0.00079932;-0.0042279;-0.0033238;-0.010058;-0.0015153;-0.013106;0.033685;-0.0089635;-0.0006652;-0.22929;0.335;0.044863;0.27423;-0.27673;-0.38556;-0.31353;0.18403;-0.032758;-0.24125;0.41282;-0.43016
31;-0.0038364;-0.01048;-0.0064972;-0.011888;-0.0047508;0.0059131;0.014595;-0.0092345;0.0098274;-0.01141;-0.002653;-0.0071213;0.37805;0.13697;0.2315;0.17996;0.20534;-0.47247;0.44807;0.12659;-0.40285;-0.37858;-0.10007;-0.33129
32;-0.004702;-0.010187;0.0010766;-0.0012832;-0.013052;-0.0057088;0.00036103;0.05046;-0.011772;-0.0077298;0.0090724;0.0076572;0.3413;0.49411;-0.086568;-0.44718;-0.31976;0.34621;-0.068376;-0.19666;-0.23099;0.28355;-0.39652;-0.093344
33;-0.0099755;0.011527;-0.0070259;0.05979;0.0021375;0.015771;-0.0138;0.0076496;0.016698;-0.0088127;0.02008;0.0037569;0.14837;-0.088753;0.17836;-0.25558;-0.055769;-0.31056;-0.19129;0.23327;-0.084546;-0.089984;-0.1984;-0.046234
34;-0.0015767;-0.0098826;-0.004986;-0.0034841;-0.0022199;-0.0038332;-0.011711;-0.01068;0.022359;-0.0097764;0.0046358;-0.0016077;0.46731;-0.37384;0.076213;0.41525;0.24918;0.51397;0.19284;-0.40742;-0.20328;-0.074334;-0.35388;-0.014389
35;9.0508E-05;-0.0068489;-0.0026048;-0.0018961;0.02185;0.01557;-0.013296;-0.010458;-0.0066592;-0.0059002;-0.0072769;0.033359;0.047109;-0.077861;-0.12351;0.10353;-0.041551;-0.085494;-0.5037;0.23168;-0.34894;-0.11229;-0.041668;0.23703
36;-0.0085676;-0.01019;-0.01237;-0.0041315;-0.0027672;-0.0044613;-0.004047;-0.001954;-0.010113;-0.0098402;-0.0077765;-0.0024168;0.35777;0.080962;0.16937;-0.50459;0.095178;-0.22609;0.27231;0.45021;-0.28925;0.082678;-0.085661;-0.21977
37;0.0038835;-0.011787;-0.0058796;0.026749;-0.011897;-0.00046267;0.057126;0.0074601;-0.0079298;-0.013484;-0.0050017;0.0069097;-0.50119;-0.41767;-0.33436;-0.076035;0.1648;0.27237;-0.03535;0.22078;0.055003;-0.06093;-0.086881;0.14115
38;-0.0082719;-0.0070588;-0.010134;-0.008009;-0.0056102;-0.0040917;-0.010776;0.0058534;-0.0050829;0.024168;0.0035953;-0.0042621;-0.016691;0.1297;-0.32214;-0.4185;-0.075511;-0.084114;0.29189;0.27597;0.28799;-0.18438;-0.25594;0.39494
39;-0.010782;0.018059;0.037225;-0.0025129;0.0031416;0.0071321;0.00039057;0.003202;0.0057682;-0.011143;0.0023483;0.024647;-0.48993;-0.13106;-0.36494;-0.34589;0.22801;0.17909;-0.27462;-0.27182;-0.011229;0.27376;-0.19496;0.1865
40;0.0082995;-0.010222;-0.0024085;0.026908;0.010855;-0.0065043;0.034401;-0.0042275;-0.0043214;-0.013;-0.011122;0.007894;-0.5061;-0.14032;-0.388;0.0062251;0.30026;0.28972;0.20641;0.25313;-0.12298;-0.054692;-0.033221;0.34871
41;-0.0019116;0.0039189;-0.0047453;-0.011492;0.024895;0.0010473;-0.010965;-0.011362;-0.011504;-0.013186;-0.0094219;-0.0056918;-0.22907;0.11735;-0.20353;0.18225;-0.082248;-0.16657;-0.47602;0.34078;0.41331;0.089454;-0.23076;0.37053
42;0.0020189;0.00059177;-0.0073337;-0.0064589;-0.012249;-0.0037338;-0.0072118;-0.0032391;-0.010558;0.0076529;-0.0016062;-0.0047822;0.13454;-0.24778;0.29208;0.38136;0.2693;-0.051867;0.27576;-0.44735;-0.38802;-0.14469;-0.24401;0.029412
43;0.011059;-0.012273;-0.01158;-0.012413;-0.007276;-0.0082383;-0.010441;0.0075879;0.0057916;-0.007504;0.0002478;0.025143;-0.18062;0.24173;-0.13595;0.18822;-0.35336;-0.099963;0.39286;0.16572;-0.1503;0.41058;-0.39169;0.30301
44;0.0035912;0.0082501;0.0042854;0.02033;0.002354;-0.0058547;-0.011406;-0.010329;0.047288;-0.013273;0.027819;-0.0067151;0.46586;-0.13028;0.3717;0.40644;0.45972;0.42407;-0.26698;0.12674;0.16809;0.17392;-0.38119;-0.027587
45;0.034798;0.0042007;-0.011147;0.00031746;0.0058587;-0.0039428;0.00096118;-0.0024072;0.0078961;-0.013118;0.0083997;0.00058375;0.33085;-0.14015;-0.11391;0.45027;-0.30075;0.45534;0.33813;0.10992;0.35581;-0.26695;-0.40408;0.23549
46;-0.00061696;-0.011947;0.010652;-0.011604;0.0018793;-0.0051213;0.0055843;-0.0081638;-0.012497;0.022527;-0.0097913;0.0036443;0.24549;-0.038166;-0.098485;0.15674;0.24246;-0.47211;-0.44829;0.17706;-0.47636;-0.18883;-0.32974;-0.29421
47;0.00030026;-0.0027012;-0.0081393;-0.0094406;0.018499;-0.00043759;-0.0081058;0.0084706;-0.0042089;0.047696;-0.011018;0.0036578;-0.31588;-0.10371;0.43521;-0.11042;-0.4468;0.22803;0.22621;0.062642;-0.24314;-0.36128;0.50916;-0.39191
48;-0.0091041;0.00050311;-0.0052807;-0.01192;-0.0013822;0.0069105;0.026268;0.0084572;-0.011236;-0.0031662;-0.0090946;-0.0088085;0.07967;0.32013;0.42056;0.059753;-0.073169;-0.03744;0.24343;-0.10681;-0.48155;0.28945;-0.07286;-0.19019
49;-0.0034461;0.0019783;-0.011739;0.01438;-0.010133;0.011655;-0.0075171;-0.0066962;0.0040855;0.019566;-0.0067173;0.011042;0.42183;0.47519;-0.11059;-0.22878;-0.30978;-0.011472;0.12227;0.11871;-0.43654;0.21319;-0.41414;-0.15552
50;0.0099992;0.0020588;0.0073708;-0.0053299;-0.0061384;-0.0053896;-0.012033;0.027025;-0.0088679;0.0045009;-0.0018852;-0.0075425;-0.40659;0.039666;0.37332;-0.43568;-0.14365;-0.38148;-0.39997;0.41148;-0.12257;-0.021494;-0.31604;-0.12045
PARTICULAR
GAIN
81
