TITLE;2 random variables, variable gain
FOCUS ON;Comparison by gain
EXPERIMENT TYPE;FewRandomVariablesVaryingGain
RESULTS
PARTICULAR
parameters
result 1
normalization;Center
pcaRecompositionThreshold;0.95
component;1;2
type;RandomPearson;RandomPearson
p1;1;1
p2;0;0
result 2
normalization;Center
pcaRecompositionThreshold;0.95
component;1;2
type;RandomPearson;RandomPearson
p1;1;1.25992104989487
p2;0;0
result 3
normalization;Center
pcaRecompositionThreshold;0.95
component;1;2
type;RandomPearson;RandomPearson
p1;1;1.5874010519682
p2;0;0
result 4
normalization;Center
pcaRecompositionThreshold;0.95
component;1;2
type;RandomPearson;RandomPearson
p1;1;2
p2;0;0
result 5
normalization;Center
pcaRecompositionThreshold;0.95
component;1;2
type;RandomPearson;RandomPearson
p1;1;2.51984209978975
p2;0;0
result 6
normalization;Center
pcaRecompositionThreshold;0.95
component;1;2
type;RandomPearson;RandomPearson
p1;1;3.1748021039364
p2;0;0
result 7
normalization;Center
pcaRecompositionThreshold;0.95
component;1;2
type;RandomPearson;RandomPearson
p1;1;4
p2;0;0
result 8
normalization;Center
pcaRecompositionThreshold;0.95
component;1;2
type;RandomPearson;RandomPearson
p1;1;5.03968419957949
p2;0;0
result 9
normalization;Center
pcaRecompositionThreshold;0.95
component;1;2
type;RandomPearson;RandomPearson
p1;1;6.3496042078728
p2;0;0
result 10
normalization;Center
pcaRecompositionThreshold;0.95
component;1;2
type;RandomPearson;RandomPearson
p1;1;8
p2;0;0
result 11
normalization;Center
pcaRecompositionThreshold;0.95
component;1;2
type;RandomPearson;RandomPearson
p1;1;10.079368399159
p2;0;0
result 12
normalization;Center
pcaRecompositionThreshold;0.95
component;1;2
type;RandomPearson;RandomPearson
p1;1;12.6992084157456
p2;0;0
result 13
normalization;Center
pcaRecompositionThreshold;0.95
component;1;2
type;RandomPearson;RandomPearson
p1;1;16
p2;0;0
result 14
normalization;Center
pcaRecompositionThreshold;0.95
component;1;2
type;RandomPearson;RandomPearson
p1;1;20.158736798318
p2;0;0
result 15
normalization;Center
pcaRecompositionThreshold;0.95
component;1;2
type;RandomPearson;RandomPearson
p1;1;25.3984168314912
p2;0;0
result 16
normalization;Center
pcaRecompositionThreshold;0.95
component;1;2
type;RandomPearson;RandomPearson
p1;1;40.3174735966359
p2;0;0
result 17
normalization;Center
pcaRecompositionThreshold;0.95
component;1;2
type;RandomPearson;RandomPearson
p1;1;32
p2;0;0
result 18
normalization;Center
pcaRecompositionThreshold;0.95
component;1;2
type;RandomPearson;RandomPearson
p1;1;50.7968336629824
p2;0;0
result 19
normalization;Center
pcaRecompositionThreshold;0.95
component;1;2
type;RandomPearson;RandomPearson
p1;1;64
p2;0;0
result 20
normalization;Center
pcaRecompositionThreshold;0.95
component;1;2
type;RandomPearson;RandomPearson
p1;1;80.6349471932719
p2;0;0
result 21
normalization;Center
pcaRecompositionThreshold;0.95
component;1;2
type;RandomPearson;RandomPearson
p1;1;101.593667325965
p2;0;0
result 22
normalization;Center
pcaRecompositionThreshold;0.95
component;1;2
type;RandomPearson;RandomPearson
p1;1;128
p2;0;0
result 23
normalization;Center
pcaRecompositionThreshold;0.95
component;1;2
type;RandomPearson;RandomPearson
p1;1;1
p2;0;0
result 24
normalization;Center
pcaRecompositionThreshold;0.95
component;1;2
type;RandomPearson;RandomPearson
p1;1;1.25992104989487
p2;0;0
result 25
normalization;Center
pcaRecompositionThreshold;0.95
component;1;2
type;RandomPearson;RandomPearson
p1;1;1.5874010519682
p2;0;0
result 26
normalization;Center
pcaRecompositionThreshold;0.95
component;1;2
type;RandomPearson;RandomPearson
p1;1;2
p2;0;0
result 27
normalization;Center
pcaRecompositionThreshold;0.95
component;1;2
type;RandomPearson;RandomPearson
p1;1;2.51984209978975
p2;0;0
result 28
normalization;Center
pcaRecompositionThreshold;0.95
component;1;2
type;RandomPearson;RandomPearson
p1;1;3.1748021039364
p2;0;0
result 29
normalization;Center
pcaRecompositionThreshold;0.95
component;1;2
type;RandomPearson;RandomPearson
p1;1;4
p2;0;0
result 30
normalization;Center
pcaRecompositionThreshold;0.95
component;1;2
type;RandomPearson;RandomPearson
p1;1;5.03968419957949
p2;0;0
result 31
normalization;Center
pcaRecompositionThreshold;0.95
component;1;2
type;RandomPearson;RandomPearson
p1;1;6.3496042078728
p2;0;0
result 32
normalization;Center
pcaRecompositionThreshold;0.95
component;1;2
type;RandomPearson;RandomPearson
p1;1;8
p2;0;0
result 33
normalization;Center
pcaRecompositionThreshold;0.95
component;1;2
type;RandomPearson;RandomPearson
p1;1;10.079368399159
p2;0;0
result 34
normalization;Center
pcaRecompositionThreshold;0.95
component;1;2
type;RandomPearson;RandomPearson
p1;1;12.6992084157456
p2;0;0
result 35
normalization;Center
pcaRecompositionThreshold;0.95
component;1;2
type;RandomPearson;RandomPearson
p1;1;16
p2;0;0
result 36
normalization;Center
pcaRecompositionThreshold;0.95
component;1;2
type;RandomPearson;RandomPearson
p1;1;20.158736798318
p2;0;0
result 37
normalization;Center
pcaRecompositionThreshold;0.95
component;1;2
type;RandomPearson;RandomPearson
p1;1;25.3984168314912
p2;0;0
result 38
normalization;Center
pcaRecompositionThreshold;0.95
component;1;2
type;RandomPearson;RandomPearson
p1;1;32
p2;0;0
result 39
normalization;Center
pcaRecompositionThreshold;0.95
component;1;2
type;RandomPearson;RandomPearson
p1;1;40.3174735966359
p2;0;0
result 40
normalization;Center
pcaRecompositionThreshold;0.95
component;1;2
type;RandomPearson;RandomPearson
p1;1;50.7968336629824
p2;0;0
result 41
normalization;Center
pcaRecompositionThreshold;0.95
component;1;2
type;RandomPearson;RandomPearson
p1;1;64
p2;0;0
result 42
normalization;Center
pcaRecompositionThreshold;0.95
component;1;2
type;RandomPearson;RandomPearson
p1;1;80.6349471932719
p2;0;0
result 43
normalization;Center
pcaRecompositionThreshold;0.95
component;1;2
type;RandomPearson;RandomPearson
p1;1;101.593667325965
p2;0;0
result 44
normalization;Center
pcaRecompositionThreshold;0.95
component;1;2
type;RandomPearson;RandomPearson
p1;1;128
p2;0;0
result 45
normalization;Center
pcaRecompositionThreshold;0.95
component;1;2
type;RandomPearson;RandomPearson
p1;1;1
p2;0;0
result 46
normalization;Center
pcaRecompositionThreshold;0.95
component;1;2
type;RandomPearson;RandomPearson
p1;1;1.25992104989487
p2;0;0
result 47
normalization;Center
pcaRecompositionThreshold;0.95
component;1;2
type;RandomPearson;RandomPearson
p1;1;1.5874010519682
p2;0;0
result 48
normalization;Center
pcaRecompositionThreshold;0.95
component;1;2
type;RandomPearson;RandomPearson
p1;1;2
p2;0;0
result 49
normalization;Center
pcaRecompositionThreshold;0.95
component;1;2
type;RandomPearson;RandomPearson
p1;1;2.51984209978975
p2;0;0
result 50
normalization;Center
pcaRecompositionThreshold;0.95
component;1;2
type;RandomPearson;RandomPearson
p1;1;3.1748021039364
p2;0;0
result 51
normalization;Center
pcaRecompositionThreshold;0.95
component;1;2
type;RandomPearson;RandomPearson
p1;1;4
p2;0;0
result 52
normalization;Center
pcaRecompositionThreshold;0.95
component;1;2
type;RandomPearson;RandomPearson
p1;1;5.03968419957949
p2;0;0
result 53
normalization;Center
pcaRecompositionThreshold;0.95
component;1;2
type;RandomPearson;RandomPearson
p1;1;6.3496042078728
p2;0;0
result 54
normalization;Center
pcaRecompositionThreshold;0.95
component;1;2
type;RandomPearson;RandomPearson
p1;1;8
p2;0;0
result 55
normalization;Center
pcaRecompositionThreshold;0.95
component;1;2
type;RandomPearson;RandomPearson
p1;1;10.079368399159
p2;0;0
result 56
normalization;Center
pcaRecompositionThreshold;0.95
component;1;2
type;RandomPearson;RandomPearson
p1;1;12.6992084157456
p2;0;0
result 57
normalization;Center
pcaRecompositionThreshold;0.95
component;1;2
type;RandomPearson;RandomPearson
p1;1;16
p2;0;0
result 58
normalization;Center
pcaRecompositionThreshold;0.95
component;1;2
type;RandomPearson;RandomPearson
p1;1;20.158736798318
p2;0;0
result 59
normalization;Center
pcaRecompositionThreshold;0.95
component;1;2
type;RandomPearson;RandomPearson
p1;1;25.3984168314912
p2;0;0
result 60
normalization;Center
pcaRecompositionThreshold;0.95
component;1;2
type;RandomPearson;RandomPearson
p1;1;32
p2;0;0
result 61
normalization;Center
pcaRecompositionThreshold;0.95
component;1;2
type;RandomPearson;RandomPearson
p1;1;40.3174735966359
p2;0;0
result 62
normalization;Center
pcaRecompositionThreshold;0.95
component;1;2
type;RandomPearson;RandomPearson
p1;1;50.7968336629824
p2;0;0
result 63
normalization;Center
pcaRecompositionThreshold;0.95
component;1;2
type;RandomPearson;RandomPearson
p1;1;64
p2;0;0
result 64
normalization;Center
pcaRecompositionThreshold;0.95
component;1;2
type;RandomPearson;RandomPearson
p1;1;80.6349471932719
p2;0;0
result 65
normalization;Center
pcaRecompositionThreshold;0.95
component;1;2
type;RandomPearson;RandomPearson
p1;1;101.593667325965
p2;0;0
result 66
normalization;Center
pcaRecompositionThreshold;0.95
component;1;2
type;RandomPearson;RandomPearson
p1;1;128
p2;0;0
result 67
normalization;Center
pcaRecompositionThreshold;0.95
component;1;2
type;RandomPearson;RandomPearson
p1;1;1
p2;0;0
result 68
normalization;Center
pcaRecompositionThreshold;0.95
component;1;2
type;RandomPearson;RandomPearson
p1;1;1.25992104989487
p2;0;0
result 69
normalization;Center
pcaRecompositionThreshold;0.95
component;1;2
type;RandomPearson;RandomPearson
p1;1;1.5874010519682
p2;0;0
result 70
normalization;Center
pcaRecompositionThreshold;0.95
component;1;2
type;RandomPearson;RandomPearson
p1;1;2
p2;0;0
result 71
normalization;Center
pcaRecompositionThreshold;0.95
component;1;2
type;RandomPearson;RandomPearson
p1;1;3.1748021039364
p2;0;0
result 72
normalization;Center
pcaRecompositionThreshold;0.95
component;1;2
type;RandomPearson;RandomPearson
p1;1;2.51984209978975
p2;0;0
result 73
normalization;Center
pcaRecompositionThreshold;0.95
component;1;2
type;RandomPearson;RandomPearson
p1;1;4
p2;0;0
result 74
normalization;Center
pcaRecompositionThreshold;0.95
component;1;2
type;RandomPearson;RandomPearson
p1;1;5.03968419957949
p2;0;0
result 75
normalization;Center
pcaRecompositionThreshold;0.95
component;1;2
type;RandomPearson;RandomPearson
p1;1;6.3496042078728
p2;0;0
result 76
normalization;Center
pcaRecompositionThreshold;0.95
component;1;2
type;RandomPearson;RandomPearson
p1;1;8
p2;0;0
result 77
normalization;Center
pcaRecompositionThreshold;0.95
component;1;2
type;RandomPearson;RandomPearson
p1;1;10.079368399159
p2;0;0
result 78
normalization;Center
pcaRecompositionThreshold;0.95
component;1;2
type;RandomPearson;RandomPearson
p1;1;12.6992084157456
p2;0;0
result 79
normalization;Center
pcaRecompositionThreshold;0.95
component;1;2
type;RandomPearson;RandomPearson
p1;1;16
p2;0;0
result 80
normalization;Center
pcaRecompositionThreshold;0.95
component;1;2
type;RandomPearson;RandomPearson
p1;1;20.158736798318
p2;0;0
result 81
normalization;Center
pcaRecompositionThreshold;0.95
component;1;2
type;RandomPearson;RandomPearson
p1;1;25.3984168314912
p2;0;0
result 82
normalization;Center
pcaRecompositionThreshold;0.95
component;1;2
type;RandomPearson;RandomPearson
p1;1;32
p2;0;0
result 83
normalization;Center
pcaRecompositionThreshold;0.95
component;1;2
type;RandomPearson;RandomPearson
p1;1;40.3174735966359
p2;0;0
result 84
normalization;Center
pcaRecompositionThreshold;0.95
component;1;2
type;RandomPearson;RandomPearson
p1;1;50.7968336629824
p2;0;0
result 85
normalization;Center
pcaRecompositionThreshold;0.95
component;1;2
type;RandomPearson;RandomPearson
p1;1;64
p2;0;0
result 86
normalization;Center
pcaRecompositionThreshold;0.95
component;1;2
type;RandomPearson;RandomPearson
p1;1;80.6349471932719
p2;0;0
result 87
normalization;Center
pcaRecompositionThreshold;0.95
component;1;2
type;RandomPearson;RandomPearson
p1;1;101.593667325965
p2;0;0
result 88
normalization;Center
pcaRecompositionThreshold;0.95
component;1;2
type;RandomPearson;RandomPearson
p1;1;128
p2;0;0
result 89
normalization;Center
pcaRecompositionThreshold;0.95
component;1;2
type;RandomPearson;RandomPearson
p1;1;1
p2;0;0
result 90
normalization;Center
pcaRecompositionThreshold;0.95
component;1;2
type;RandomPearson;RandomPearson
p1;1;1.25992104989487
p2;0;0
result 91
normalization;Center
pcaRecompositionThreshold;0.95
component;1;2
type;RandomPearson;RandomPearson
p1;1;1.5874010519682
p2;0;0
result 92
normalization;Center
pcaRecompositionThreshold;0.95
component;1;2
type;RandomPearson;RandomPearson
p1;1;2
p2;0;0
result 93
normalization;Center
pcaRecompositionThreshold;0.95
component;1;2
type;RandomPearson;RandomPearson
p1;1;2.51984209978975
p2;0;0
result 94
normalization;Center
pcaRecompositionThreshold;0.95
component;1;2
type;RandomPearson;RandomPearson
p1;1;3.1748021039364
p2;0;0
result 95
normalization;Center
pcaRecompositionThreshold;0.95
component;1;2
type;RandomPearson;RandomPearson
p1;1;4
p2;0;0
result 96
normalization;Center
pcaRecompositionThreshold;0.95
component;1;2
type;RandomPearson;RandomPearson
p1;1;5.03968419957949
p2;0;0
result 97
normalization;Center
pcaRecompositionThreshold;0.95
component;1;2
type;RandomPearson;RandomPearson
p1;1;6.3496042078728
p2;0;0
result 98
normalization;Center
pcaRecompositionThreshold;0.95
component;1;2
type;RandomPearson;RandomPearson
p1;1;8
p2;0;0
result 99
normalization;Center
pcaRecompositionThreshold;0.95
component;1;2
type;RandomPearson;RandomPearson
p1;1;10.079368399159
p2;0;0
result 100
normalization;Center
pcaRecompositionThreshold;0.95
component;1;2
type;RandomPearson;RandomPearson
p1;1;12.6992084157456
p2;0;0
result 101
normalization;Center
pcaRecompositionThreshold;0.95
component;1;2
type;RandomPearson;RandomPearson
p1;1;16
p2;0;0
result 102
normalization;Center
pcaRecompositionThreshold;0.95
component;1;2
type;RandomPearson;RandomPearson
p1;1;20.158736798318
p2;0;0
result 103
normalization;Center
pcaRecompositionThreshold;0.95
component;1;2
type;RandomPearson;RandomPearson
p1;1;25.3984168314912
p2;0;0
result 104
normalization;Center
pcaRecompositionThreshold;0.95
component;1;2
type;RandomPearson;RandomPearson
p1;1;32
p2;0;0
result 105
normalization;Center
pcaRecompositionThreshold;0.95
component;1;2
type;RandomPearson;RandomPearson
p1;1;40.3174735966359
p2;0;0
result 106
normalization;Center
pcaRecompositionThreshold;0.95
component;1;2
type;RandomPearson;RandomPearson
p1;1;50.7968336629824
p2;0;0
result 107
normalization;Center
pcaRecompositionThreshold;0.95
component;1;2
type;RandomPearson;RandomPearson
p1;1;64
p2;0;0
result 108
normalization;Center
pcaRecompositionThreshold;0.95
component;1;2
type;RandomPearson;RandomPearson
p1;1;80.6349471932719
p2;0;0
result 109
normalization;Center
pcaRecompositionThreshold;0.95
component;1;2
type;RandomPearson;RandomPearson
p1;1;101.593667325965
p2;0;0
result 110
normalization;Center
pcaRecompositionThreshold;0.95
component;1;2
type;RandomPearson;RandomPearson
p1;1;128
p2;0;0
result 111
normalization;Center
pcaRecompositionThreshold;0.95
component;1;2
type;RandomPearson;RandomPearson
p1;1;1
p2;0;0
result 112
normalization;Center
pcaRecompositionThreshold;0.95
component;1;2
type;RandomPearson;RandomPearson
p1;1;1.25992104989487
p2;0;0
result 113
normalization;Center
pcaRecompositionThreshold;0.95
component;1;2
type;RandomPearson;RandomPearson
p1;1;1.5874010519682
p2;0;0
result 114
normalization;Center
pcaRecompositionThreshold;0.95
component;1;2
type;RandomPearson;RandomPearson
p1;1;2
p2;0;0
result 115
normalization;Center
pcaRecompositionThreshold;0.95
component;1;2
type;RandomPearson;RandomPearson
p1;1;2.51984209978975
p2;0;0
result 116
normalization;Center
pcaRecompositionThreshold;0.95
component;1;2
type;RandomPearson;RandomPearson
p1;1;3.1748021039364
p2;0;0
result 117
normalization;Center
pcaRecompositionThreshold;0.95
component;1;2
type;RandomPearson;RandomPearson
p1;1;4
p2;0;0
result 118
normalization;Center
pcaRecompositionThreshold;0.95
component;1;2
type;RandomPearson;RandomPearson
p1;1;5.03968419957949
p2;0;0
result 119
normalization;Center
pcaRecompositionThreshold;0.95
component;1;2
type;RandomPearson;RandomPearson
p1;1;6.3496042078728
p2;0;0
result 120
normalization;Center
pcaRecompositionThreshold;0.95
component;1;2
type;RandomPearson;RandomPearson
p1;1;8
p2;0;0
result 121
normalization;Center
pcaRecompositionThreshold;0.95
component;1;2
type;RandomPearson;RandomPearson
p1;1;10.079368399159
p2;0;0
result 122
normalization;Center
pcaRecompositionThreshold;0.95
component;1;2
type;RandomPearson;RandomPearson
p1;1;12.6992084157456
p2;0;0
result 123
normalization;Center
pcaRecompositionThreshold;0.95
component;1;2
type;RandomPearson;RandomPearson
p1;1;16
p2;0;0
result 124
normalization;Center
pcaRecompositionThreshold;0.95
component;1;2
type;RandomPearson;RandomPearson
p1;1;20.158736798318
p2;0;0
result 125
normalization;Center
pcaRecompositionThreshold;0.95
component;1;2
type;RandomPearson;RandomPearson
p1;1;25.3984168314912
p2;0;0
result 126
normalization;Center
pcaRecompositionThreshold;0.95
component;1;2
type;RandomPearson;RandomPearson
p1;1;32
p2;0;0
result 127
normalization;Center
pcaRecompositionThreshold;0.95
component;1;2
type;RandomPearson;RandomPearson
p1;1;40.3174735966359
p2;0;0
result 128
normalization;Center
pcaRecompositionThreshold;0.95
component;1;2
type;RandomPearson;RandomPearson
p1;1;50.7968336629824
p2;0;0
result 129
normalization;Center
pcaRecompositionThreshold;0.95
component;1;2
type;RandomPearson;RandomPearson
p1;1;64
p2;0;0
result 130
normalization;Center
pcaRecompositionThreshold;0.95
component;1;2
type;RandomPearson;RandomPearson
p1;1;80.6349471932719
p2;0;0
result 131
normalization;Center
pcaRecompositionThreshold;0.95
component;1;2
type;RandomPearson;RandomPearson
p1;1;101.593667325965
p2;0;0
result 132
normalization;Center
pcaRecompositionThreshold;0.95
component;1;2
type;RandomPearson;RandomPearson
p1;1;128
p2;0;0
result 133
normalization;Center
pcaRecompositionThreshold;0.95
component;1;2
type;RandomPearson;RandomPearson
p1;1;1
p2;0;0
result 134
normalization;Center
pcaRecompositionThreshold;0.95
component;1;2
type;RandomPearson;RandomPearson
p1;1;1.25992104989487
p2;0;0
result 135
normalization;Center
pcaRecompositionThreshold;0.95
component;1;2
type;RandomPearson;RandomPearson
p1;1;1.5874010519682
p2;0;0
result 136
normalization;Center
pcaRecompositionThreshold;0.95
component;1;2
type;RandomPearson;RandomPearson
p1;1;2
p2;0;0
result 137
normalization;Center
pcaRecompositionThreshold;0.95
component;1;2
type;RandomPearson;RandomPearson
p1;1;2.51984209978975
p2;0;0
result 138
normalization;Center
pcaRecompositionThreshold;0.95
component;1;2
type;RandomPearson;RandomPearson
p1;1;3.1748021039364
p2;0;0
result 139
normalization;Center
pcaRecompositionThreshold;0.95
component;1;2
type;RandomPearson;RandomPearson
p1;1;4
p2;0;0
result 140
normalization;Center
pcaRecompositionThreshold;0.95
component;1;2
type;RandomPearson;RandomPearson
p1;1;5.03968419957949
p2;0;0
result 141
normalization;Center
pcaRecompositionThreshold;0.95
component;1;2
type;RandomPearson;RandomPearson
p1;1;6.3496042078728
p2;0;0
result 142
normalization;Center
pcaRecompositionThreshold;0.95
component;1;2
type;RandomPearson;RandomPearson
p1;1;8
p2;0;0
result 143
normalization;Center
pcaRecompositionThreshold;0.95
component;1;2
type;RandomPearson;RandomPearson
p1;1;10.079368399159
p2;0;0
result 144
normalization;Center
pcaRecompositionThreshold;0.95
component;1;2
type;RandomPearson;RandomPearson
p1;1;12.6992084157456
p2;0;0
result 145
normalization;Center
pcaRecompositionThreshold;0.95
component;1;2
type;RandomPearson;RandomPearson
p1;1;16
p2;0;0
result 146
normalization;Center
pcaRecompositionThreshold;0.95
component;1;2
type;RandomPearson;RandomPearson
p1;1;20.158736798318
p2;0;0
result 147
normalization;Center
pcaRecompositionThreshold;0.95
component;1;2
type;RandomPearson;RandomPearson
p1;1;25.3984168314912
p2;0;0
result 148
normalization;Center
pcaRecompositionThreshold;0.95
component;1;2
type;RandomPearson;RandomPearson
p1;1;32
p2;0;0
result 149
normalization;Center
pcaRecompositionThreshold;0.95
component;1;2
type;RandomPearson;RandomPearson
p1;1;40.3174735966359
p2;0;0
result 150
normalization;Center
pcaRecompositionThreshold;0.95
component;1;2
type;RandomPearson;RandomPearson
p1;1;50.7968336629824
p2;0;0
result 151
normalization;Center
pcaRecompositionThreshold;0.95
component;1;2
type;RandomPearson;RandomPearson
p1;1;64
p2;0;0
result 152
normalization;Center
pcaRecompositionThreshold;0.95
component;1;2
type;RandomPearson;RandomPearson
p1;1;80.6349471932719
p2;0;0
result 153
normalization;Center
pcaRecompositionThreshold;0.95
component;1;2
type;RandomPearson;RandomPearson
p1;1;101.593667325965
p2;0;0
result 154
normalization;Center
pcaRecompositionThreshold;0.95
component;1;2
type;RandomPearson;RandomPearson
p1;1;128
p2;0;0
result 155
normalization;Center
pcaRecompositionThreshold;0.95
component;1;2
type;RandomPearson;RandomPearson
p1;1;1
p2;0;0
result 156
normalization;Center
pcaRecompositionThreshold;0.95
component;1;2
type;RandomPearson;RandomPearson
p1;1;1.25992104989487
p2;0;0
result 157
normalization;Center
pcaRecompositionThreshold;0.95
component;1;2
type;RandomPearson;RandomPearson
p1;1;1.5874010519682
p2;0;0
result 158
normalization;Center
pcaRecompositionThreshold;0.95
component;1;2
type;RandomPearson;RandomPearson
p1;1;2
p2;0;0
result 159
normalization;Center
pcaRecompositionThreshold;0.95
component;1;2
type;RandomPearson;RandomPearson
p1;1;2.51984209978975
p2;0;0
result 160
normalization;Center
pcaRecompositionThreshold;0.95
component;1;2
type;RandomPearson;RandomPearson
p1;1;3.1748021039364
p2;0;0
result 161
normalization;Center
pcaRecompositionThreshold;0.95
component;1;2
type;RandomPearson;RandomPearson
p1;1;4
p2;0;0
result 162
normalization;Center
pcaRecompositionThreshold;0.95
component;1;2
type;RandomPearson;RandomPearson
p1;1;5.03968419957949
p2;0;0
result 163
normalization;Center
pcaRecompositionThreshold;0.95
component;1;2
type;RandomPearson;RandomPearson
p1;1;6.3496042078728
p2;0;0
result 164
normalization;Center
pcaRecompositionThreshold;0.95
component;1;2
type;RandomPearson;RandomPearson
p1;1;8
p2;0;0
result 165
normalization;Center
pcaRecompositionThreshold;0.95
component;1;2
type;RandomPearson;RandomPearson
p1;1;10.079368399159
p2;0;0
result 166
normalization;Center
pcaRecompositionThreshold;0.95
component;1;2
type;RandomPearson;RandomPearson
p1;1;12.6992084157456
p2;0;0
result 167
normalization;Center
pcaRecompositionThreshold;0.95
component;1;2
type;RandomPearson;RandomPearson
p1;1;16
p2;0;0
result 168
normalization;Center
pcaRecompositionThreshold;0.95
component;1;2
type;RandomPearson;RandomPearson
p1;1;20.158736798318
p2;0;0
result 169
normalization;Center
pcaRecompositionThreshold;0.95
component;1;2
type;RandomPearson;RandomPearson
p1;1;25.3984168314912
p2;0;0
result 170
normalization;Center
pcaRecompositionThreshold;0.95
component;1;2
type;RandomPearson;RandomPearson
p1;1;32
p2;0;0
result 171
normalization;Center
pcaRecompositionThreshold;0.95
component;1;2
type;RandomPearson;RandomPearson
p1;1;40.3174735966359
p2;0;0
result 172
normalization;Center
pcaRecompositionThreshold;0.95
component;1;2
type;RandomPearson;RandomPearson
p1;1;50.7968336629824
p2;0;0
result 173
normalization;Center
pcaRecompositionThreshold;0.95
component;1;2
type;RandomPearson;RandomPearson
p1;1;64
p2;0;0
result 174
normalization;Center
pcaRecompositionThreshold;0.95
component;1;2
type;RandomPearson;RandomPearson
p1;1;80.6349471932719
p2;0;0
result 175
normalization;Center
pcaRecompositionThreshold;0.95
component;1;2
type;RandomPearson;RandomPearson
p1;1;101.593667325965
p2;0;0
result 176
normalization;Center
pcaRecompositionThreshold;0.95
component;1;2
type;RandomPearson;RandomPearson
p1;1;128
p2;0;0
result 177
normalization;Center
pcaRecompositionThreshold;0.95
component;1;2
type;RandomPearson;RandomPearson
p1;1;1
p2;0;0
result 178
normalization;Center
pcaRecompositionThreshold;0.95
component;1;2
type;RandomPearson;RandomPearson
p1;1;1.25992104989487
p2;0;0
result 179
normalization;Center
pcaRecompositionThreshold;0.95
component;1;2
type;RandomPearson;RandomPearson
p1;1;1.5874010519682
p2;0;0
result 180
normalization;Center
pcaRecompositionThreshold;0.95
component;1;2
type;RandomPearson;RandomPearson
p1;1;2
p2;0;0
result 181
normalization;Center
pcaRecompositionThreshold;0.95
component;1;2
type;RandomPearson;RandomPearson
p1;1;2.51984209978975
p2;0;0
result 182
normalization;Center
pcaRecompositionThreshold;0.95
component;1;2
type;RandomPearson;RandomPearson
p1;1;3.1748021039364
p2;0;0
result 183
normalization;Center
pcaRecompositionThreshold;0.95
component;1;2
type;RandomPearson;RandomPearson
p1;1;4
p2;0;0
result 184
normalization;Center
pcaRecompositionThreshold;0.95
component;1;2
type;RandomPearson;RandomPearson
p1;1;5.03968419957949
p2;0;0
result 185
normalization;Center
pcaRecompositionThreshold;0.95
component;1;2
type;RandomPearson;RandomPearson
p1;1;6.3496042078728
p2;0;0
result 186
normalization;Center
pcaRecompositionThreshold;0.95
component;1;2
type;RandomPearson;RandomPearson
p1;1;8
p2;0;0
result 187
normalization;Center
pcaRecompositionThreshold;0.95
component;1;2
type;RandomPearson;RandomPearson
p1;1;10.079368399159
p2;0;0
result 188
normalization;Center
pcaRecompositionThreshold;0.95
component;1;2
type;RandomPearson;RandomPearson
p1;1;12.6992084157456
p2;0;0
result 189
normalization;Center
pcaRecompositionThreshold;0.95
component;1;2
type;RandomPearson;RandomPearson
p1;1;16
p2;0;0
result 190
normalization;Center
pcaRecompositionThreshold;0.95
component;1;2
type;RandomPearson;RandomPearson
p1;1;20.158736798318
p2;0;0
result 191
normalization;Center
pcaRecompositionThreshold;0.95
component;1;2
type;RandomPearson;RandomPearson
p1;1;25.3984168314912
p2;0;0
result 192
normalization;Center
pcaRecompositionThreshold;0.95
component;1;2
type;RandomPearson;RandomPearson
p1;1;32
p2;0;0
result 193
normalization;Center
pcaRecompositionThreshold;0.95
component;1;2
type;RandomPearson;RandomPearson
p1;1;40.3174735966359
p2;0;0
result 194
normalization;Center
pcaRecompositionThreshold;0.95
component;1;2
type;RandomPearson;RandomPearson
p1;1;50.7968336629824
p2;0;0
result 195
normalization;Center
pcaRecompositionThreshold;0.95
component;1;2
type;RandomPearson;RandomPearson
p1;1;64
p2;0;0
result 196
normalization;Center
pcaRecompositionThreshold;0.95
component;1;2
type;RandomPearson;RandomPearson
p1;1;80.6349471932719
p2;0;0
result 197
normalization;Center
pcaRecompositionThreshold;0.95
component;1;2
type;RandomPearson;RandomPearson
p1;1;101.593667325965
p2;0;0
result 198
normalization;Center
pcaRecompositionThreshold;0.95
component;1;2
type;RandomPearson;RandomPearson
p1;1;128
p2;0;0
result 199
normalization;Center
pcaRecompositionThreshold;0.95
component;1;2
type;RandomPearson;RandomPearson
p1;1;1
p2;0;0
result 200
normalization;Center
pcaRecompositionThreshold;0.95
component;1;2
type;RandomPearson;RandomPearson
p1;1;1.25992104989487
p2;0;0
result 201
normalization;Center
pcaRecompositionThreshold;0.95
component;1;2
type;RandomPearson;RandomPearson
p1;1;1.5874010519682
p2;0;0
result 202
normalization;Center
pcaRecompositionThreshold;0.95
component;1;2
type;RandomPearson;RandomPearson
p1;1;2
p2;0;0
result 203
normalization;Center
pcaRecompositionThreshold;0.95
component;1;2
type;RandomPearson;RandomPearson
p1;1;2.51984209978975
p2;0;0
result 204
normalization;Center
pcaRecompositionThreshold;0.95
component;1;2
type;RandomPearson;RandomPearson
p1;1;3.1748021039364
p2;0;0
result 205
normalization;Center
pcaRecompositionThreshold;0.95
component;1;2
type;RandomPearson;RandomPearson
p1;1;4
p2;0;0
result 206
normalization;Center
pcaRecompositionThreshold;0.95
component;1;2
type;RandomPearson;RandomPearson
p1;1;5.03968419957949
p2;0;0
result 207
normalization;Center
pcaRecompositionThreshold;0.95
component;1;2
type;RandomPearson;RandomPearson
p1;1;6.3496042078728
p2;0;0
result 208
normalization;Center
pcaRecompositionThreshold;0.95
component;1;2
type;RandomPearson;RandomPearson
p1;1;8
p2;0;0
result 209
normalization;Center
pcaRecompositionThreshold;0.95
component;1;2
type;RandomPearson;RandomPearson
p1;1;10.079368399159
p2;0;0
result 210
normalization;Center
pcaRecompositionThreshold;0.95
component;1;2
type;RandomPearson;RandomPearson
p1;1;12.6992084157456
p2;0;0
result 211
normalization;Center
pcaRecompositionThreshold;0.95
component;1;2
type;RandomPearson;RandomPearson
p1;1;16
p2;0;0
result 212
normalization;Center
pcaRecompositionThreshold;0.95
component;1;2
type;RandomPearson;RandomPearson
p1;1;20.158736798318
p2;0;0
result 213
normalization;Center
pcaRecompositionThreshold;0.95
component;1;2
type;RandomPearson;RandomPearson
p1;1;25.3984168314912
p2;0;0
result 214
normalization;Center
pcaRecompositionThreshold;0.95
component;1;2
type;RandomPearson;RandomPearson
p1;1;32
p2;0;0
result 215
normalization;Center
pcaRecompositionThreshold;0.95
component;1;2
type;RandomPearson;RandomPearson
p1;1;40.3174735966359
p2;0;0
result 216
normalization;Center
pcaRecompositionThreshold;0.95
component;1;2
type;RandomPearson;RandomPearson
p1;1;50.7968336629824
p2;0;0
result 217
normalization;Center
pcaRecompositionThreshold;0.95
component;1;2
type;RandomPearson;RandomPearson
p1;1;64
p2;0;0
result 218
normalization;Center
pcaRecompositionThreshold;0.95
component;1;2
type;RandomPearson;RandomPearson
p1;1;80.6349471932719
p2;0;0
result 219
normalization;Center
pcaRecompositionThreshold;0.95
component;1;2
type;RandomPearson;RandomPearson
p1;1;101.593667325965
p2;0;0
result 220
normalization;Center
pcaRecompositionThreshold;0.95
component;1;2
type;RandomPearson;RandomPearson
p1;1;128
p2;0;0
result;1 RandomPearson, RandomPearson;2 RandomPearson, RandomPearson;3 RandomPearson, RandomPearson;4 RandomPearson, RandomPearson;5 RandomPearson, RandomPearson;6 RandomPearson, RandomPearson;7 RandomPearson, RandomPearson;8 RandomPearson, RandomPearson;9 RandomPearson, RandomPearson;10 RandomPearson, RandomPearson;11 RandomPearson, RandomPearson;12 RandomPearson, RandomPearson;13 RandomPearson, RandomPearson;14 RandomPearson, RandomPearson;15 RandomPearson, RandomPearson;16 RandomPearson, RandomPearson;17 RandomPearson, RandomPearson;18 RandomPearson, RandomPearson;19 RandomPearson, RandomPearson;20 RandomPearson, RandomPearson;21 RandomPearson, RandomPearson;22 RandomPearson, RandomPearson;23 RandomPearson, RandomPearson;24 RandomPearson, RandomPearson;25 RandomPearson, RandomPearson;26 RandomPearson, RandomPearson;27 RandomPearson, RandomPearson;28 RandomPearson, RandomPearson;29 RandomPearson, RandomPearson;30 RandomPearson, RandomPearson;31 RandomPearson, RandomPearson;32 RandomPearson, RandomPearson;33 RandomPearson, RandomPearson;34 RandomPearson, RandomPearson;35 RandomPearson, RandomPearson;36 RandomPearson, RandomPearson;37 RandomPearson, RandomPearson;38 RandomPearson, RandomPearson;39 RandomPearson, RandomPearson;40 RandomPearson, RandomPearson;41 RandomPearson, RandomPearson;42 RandomPearson, RandomPearson;43 RandomPearson, RandomPearson;44 RandomPearson, RandomPearson;45 RandomPearson, RandomPearson;46 RandomPearson, RandomPearson;47 RandomPearson, RandomPearson;48 RandomPearson, RandomPearson;49 RandomPearson, RandomPearson;50 RandomPearson, RandomPearson;51 RandomPearson, RandomPearson;52 RandomPearson, RandomPearson;53 RandomPearson, RandomPearson;54 RandomPearson, RandomPearson;55 RandomPearson, RandomPearson;56 RandomPearson, RandomPearson;57 RandomPearson, RandomPearson;58 RandomPearson, RandomPearson;59 RandomPearson, RandomPearson;60 RandomPearson, RandomPearson;61 RandomPearson, RandomPearson;62 RandomPearson, RandomPearson;63 RandomPearson, RandomPearson;64 RandomPearson, RandomPearson;65 RandomPearson, RandomPearson;66 RandomPearson, RandomPearson;67 RandomPearson, RandomPearson;68 RandomPearson, RandomPearson;69 RandomPearson, RandomPearson;70 RandomPearson, RandomPearson;71 RandomPearson, RandomPearson;72 RandomPearson, RandomPearson;73 RandomPearson, RandomPearson;74 RandomPearson, RandomPearson;75 RandomPearson, RandomPearson;76 RandomPearson, RandomPearson;77 RandomPearson, RandomPearson;78 RandomPearson, RandomPearson;79 RandomPearson, RandomPearson;80 RandomPearson, RandomPearson;81 RandomPearson, RandomPearson;82 RandomPearson, RandomPearson;83 RandomPearson, RandomPearson;84 RandomPearson, RandomPearson;85 RandomPearson, RandomPearson;86 RandomPearson, RandomPearson;87 RandomPearson, RandomPearson;88 RandomPearson, RandomPearson;89 RandomPearson, RandomPearson;90 RandomPearson, RandomPearson;91 RandomPearson, RandomPearson;92 RandomPearson, RandomPearson;93 RandomPearson, RandomPearson;94 RandomPearson, RandomPearson;95 RandomPearson, RandomPearson;96 RandomPearson, RandomPearson;97 RandomPearson, RandomPearson;98 RandomPearson, RandomPearson;99 RandomPearson, RandomPearson;100 RandomPearson, RandomPearson;101 RandomPearson, RandomPearson;102 RandomPearson, RandomPearson;103 RandomPearson, RandomPearson;104 RandomPearson, RandomPearson;105 RandomPearson, RandomPearson;106 RandomPearson, RandomPearson;107 RandomPearson, RandomPearson;108 RandomPearson, RandomPearson;109 RandomPearson, RandomPearson;110 RandomPearson, RandomPearson;111 RandomPearson, RandomPearson;112 RandomPearson, RandomPearson;113 RandomPearson, RandomPearson;114 RandomPearson, RandomPearson;115 RandomPearson, RandomPearson;116 RandomPearson, RandomPearson;117 RandomPearson, RandomPearson;118 RandomPearson, RandomPearson;119 RandomPearson, RandomPearson;120 RandomPearson, RandomPearson;121 RandomPearson, RandomPearson;122 RandomPearson, RandomPearson;123 RandomPearson, RandomPearson;124 RandomPearson, RandomPearson;125 RandomPearson, RandomPearson;126 RandomPearson, RandomPearson;127 RandomPearson, RandomPearson;128 RandomPearson, RandomPearson;129 RandomPearson, RandomPearson;130 RandomPearson, RandomPearson;131 RandomPearson, RandomPearson;132 RandomPearson, RandomPearson;133 RandomPearson, RandomPearson;134 RandomPearson, RandomPearson;135 RandomPearson, RandomPearson;136 RandomPearson, RandomPearson;137 RandomPearson, RandomPearson;138 RandomPearson, RandomPearson;139 RandomPearson, RandomPearson;140 RandomPearson, RandomPearson;141 RandomPearson, RandomPearson;142 RandomPearson, RandomPearson;143 RandomPearson, RandomPearson;144 RandomPearson, RandomPearson;145 RandomPearson, RandomPearson;146 RandomPearson, RandomPearson;147 RandomPearson, RandomPearson;148 RandomPearson, RandomPearson;149 RandomPearson, RandomPearson;150 RandomPearson, RandomPearson;151 RandomPearson, RandomPearson;152 RandomPearson, RandomPearson;153 RandomPearson, RandomPearson;154 RandomPearson, RandomPearson;155 RandomPearson, RandomPearson;156 RandomPearson, RandomPearson;157 RandomPearson, RandomPearson;158 RandomPearson, RandomPearson;159 RandomPearson, RandomPearson;160 RandomPearson, RandomPearson;161 RandomPearson, RandomPearson;162 RandomPearson, RandomPearson;163 RandomPearson, RandomPearson;164 RandomPearson, RandomPearson;165 RandomPearson, RandomPearson;166 RandomPearson, RandomPearson;167 RandomPearson, RandomPearson;168 RandomPearson, RandomPearson;169 RandomPearson, RandomPearson;170 RandomPearson, RandomPearson;171 RandomPearson, RandomPearson;172 RandomPearson, RandomPearson;173 RandomPearson, RandomPearson;174 RandomPearson, RandomPearson;175 RandomPearson, RandomPearson;176 RandomPearson, RandomPearson;177 RandomPearson, RandomPearson;178 RandomPearson, RandomPearson;179 RandomPearson, RandomPearson;180 RandomPearson, RandomPearson;181 RandomPearson, RandomPearson;182 RandomPearson, RandomPearson;183 RandomPearson, RandomPearson;184 RandomPearson, RandomPearson;185 RandomPearson, RandomPearson;186 RandomPearson, RandomPearson;187 RandomPearson, RandomPearson;188 RandomPearson, RandomPearson;189 RandomPearson, RandomPearson;190 RandomPearson, RandomPearson;191 RandomPearson, RandomPearson;192 RandomPearson, RandomPearson;193 RandomPearson, RandomPearson;194 RandomPearson, RandomPearson;195 RandomPearson, RandomPearson;196 RandomPearson, RandomPearson;197 RandomPearson, RandomPearson;198 RandomPearson, RandomPearson;199 RandomPearson, RandomPearson;200 RandomPearson, RandomPearson;201 RandomPearson, RandomPearson;202 RandomPearson, RandomPearson;203 RandomPearson, RandomPearson;204 RandomPearson, RandomPearson;205 RandomPearson, RandomPearson;206 RandomPearson, RandomPearson;207 RandomPearson, RandomPearson;208 RandomPearson, RandomPearson;209 RandomPearson, RandomPearson;210 RandomPearson, RandomPearson;211 RandomPearson, RandomPearson;212 RandomPearson, RandomPearson;213 RandomPearson, RandomPearson;214 RandomPearson, RandomPearson;215 RandomPearson, RandomPearson;216 RandomPearson, RandomPearson;217 RandomPearson, RandomPearson;218 RandomPearson, RandomPearson;219 RandomPearson, RandomPearson;220 RandomPearson, RandomPearson
gain;1;1;1;1;1;1;1;1;1;1;1.25992104989487;1.25992104989487;1.25992104989487;1.25992104989487;1.25992104989487;1.25992104989487;1.25992104989487;1.25992104989487;1.25992104989487;1.25992104989487;1.5874010519682;1.5874010519682;1.5874010519682;1.5874010519682;1.5874010519682;1.5874010519682;1.5874010519682;1.5874010519682;1.5874010519682;1.5874010519682;2;2;2;2;2;2;2;2;2;2;2.51984209978975;2.51984209978975;2.51984209978975;2.51984209978975;2.51984209978975;2.51984209978975;2.51984209978975;2.51984209978975;2.51984209978975;2.51984209978975;3.1748021039364;3.1748021039364;3.1748021039364;3.1748021039364;3.1748021039364;3.1748021039364;3.1748021039364;3.1748021039364;3.1748021039364;3.1748021039364;4;4;4;4;4;4;4;4;4;4;5.03968419957949;5.03968419957949;5.03968419957949;5.03968419957949;5.03968419957949;5.03968419957949;5.03968419957949;5.03968419957949;5.03968419957949;5.03968419957949;6.3496042078728;6.3496042078728;6.3496042078728;6.3496042078728;6.3496042078728;6.3496042078728;6.3496042078728;6.3496042078728;6.3496042078728;6.3496042078728;8;8;8;8;8;8;8;8;8;8;10.079368399159;10.079368399159;10.079368399159;10.079368399159;10.079368399159;10.079368399159;10.079368399159;10.079368399159;10.079368399159;10.079368399159;12.6992084157456;12.6992084157456;12.6992084157456;12.6992084157456;12.6992084157456;12.6992084157456;12.6992084157456;12.6992084157456;12.6992084157456;12.6992084157456;16;16;16;16;16;16;16;16;16;16;20.158736798318;20.158736798318;20.158736798318;20.158736798318;20.158736798318;20.158736798318;20.158736798318;20.158736798318;20.158736798318;20.158736798318;25.3984168314912;25.3984168314912;25.3984168314912;25.3984168314912;25.3984168314912;25.3984168314912;25.3984168314912;25.3984168314912;25.3984168314912;25.3984168314912;32;32;32;32;32;32;32;32;32;32;40.3174735966359;40.3174735966359;40.3174735966359;40.3174735966359;40.3174735966359;40.3174735966359;40.3174735966359;40.3174735966359;40.3174735966359;40.3174735966359;50.7968336629824;50.7968336629824;50.7968336629824;50.7968336629824;50.7968336629824;50.7968336629824;50.7968336629824;50.7968336629824;50.7968336629824;50.7968336629824;64;64;64;64;64;64;64;64;64;64;80.6349471932719;80.6349471932719;80.6349471932719;80.6349471932719;80.6349471932719;80.6349471932719;80.6349471932719;80.6349471932719;80.6349471932719;80.6349471932719;101.593667325965;101.593667325965;101.593667325965;101.593667325965;101.593667325965;101.593667325965;101.593667325965;101.593667325965;101.593667325965;101.593667325965;128;128;128;128;128;128;128;128;128;128
distances
D plain;1.12786689416458;0.93425900770487;0.635773017884794;0.915457042472083;1.23422294863997;0.98289822075514;1.46274703667285;1.10562370186611;1.06335564536446;1.04637081468382;1.12786689416458;0.93425900770487;1.32625824322761;0.915457042472083;1.0973140918192;0.7899579440446;1.06751358408684;1.10562370186611;1.06335564536446;0.821886233372008;0.995871765085287;0.99396140405658;1.24189408352367;1.08526763163615;1.05336642968208;0.7899579440446;1.06751358408684;1.21025441668135;0.850093180035897;0.993342732088703;1.08965091944896;1.39489413728653;1.63584188176607;1.56381879698001;1.25997988363774;1.24634418571971;1.33130249603657;1.21762130579716;1.02232300014648;1.27693159138849;1.08965091944896;1.4859977560232;1.08837650489579;1.1730942997485;1.16518876775065;1.64022231689741;1.33130249603657;1.21762130579716;1.45798557158592;1.58587344940788;1.59120530225132;1.8208814977399;1.41979438889745;1.85293551322405;1.428654478977;1.68321312716898;1.50702108856656;2.09155831566022;1.48923210246343;1.87256191726065;1.67688367602318;2.25172970244282;1.99957307835473;1.91144379245439;1.76848274261347;1.73099595122069;1.68642452693623;2.04018356758379;1.97652031288067;1.87764990596353;1.51839184741982;2.11863189139997;1.86846436866683;2.25584244270509;1.93708486652773;1.92352537640697;1.85674201550027;1.98483966222649;1.82403900609439;2.11597573818058;2.18096362285426;2.21362421562827;1.78107119707418;2.44414176106653;2.03739277959475;2.31869598138623;2.48640494825992;1.98965900770262;1.90457940473292;2.22560949055711;2.25991574916597;2.40594181400472;2.49473640447542;2.73235096214231;2.58340872722614;2.18916220728483;2.30762694251685;2.56787891326304;2.81302481029129;2.19736397925347;2.70083236144109;3.47386504671877;2.56706393151635;2.88642515639049;2.3235949748602;2.52500293114089;2.53046110065252;2.87327669399711;2.73402542109544;2.7896877995527;3.27938006420804;3.37366391663176;2.66474545885608;3.11981314459644;2.23041587037214;2.88531939705578;3.09042972764633;2.90786706553086;3.00633310177471;3.11685045344465;4.1150866161859;4.15991140926735;3.49714595951972;3.35822160451675;3.58268850713727;3.37156194528056;2.986923145188;3.56642699190096;3.60770603089335;2.57477041787014;3.94524211755696;3.9473588598366;3.3137862573664;3.55564379930816;3.67601666870978;3.880631887203;3.61056339685296;3.4844747315185;3.71992219043152;3.70198138623882;5.02589958534793;4.10979874175783;4.02013101244007;4.4597661035588;4.44621626352776;4.89988378834261;4.13829615785675;4.42625741286012;3.62649692310928;4.45886440810475;5.28882217793538;5.32161156156987;4.5698473731808;4.02379732226599;4.15357968849552;4.9874949124584;4.27652703983714;4.47209183556123;4.89799178059734;4.50182038450686;5.12906521942581;5.645900961195;5.93092881703681;5.20932654080147;5.66633966058822;6.02325339144629;5.4939049449555;4.75699530083929;5.57457134517557;5.28346227471287;6.16773397229477;5.0483456420541;5.70912458699487;5.4748723803811;6.21767521667322;5.65321003070075;5.82095879828556;6.35114150703326;5.23728750869755;5.06277720168162;5.98635587905519;7.16749489486813;6.94482188664567;5.48563988332299;6.05328848798648;6.84651853430581;7.18234904222365;6.15165430965359;5.30423793897598;7.3311410381795;7.21447406387264;6.81600179249189;7.56430035031614;6.992476487693;6.22504947184279;6.9571948951253;7.40720646082093;7.45657144737537;6.77287162831073;8.2101125990483;7.97204757955249;7.64046058360268;7.3563266578237;9.10097852479193;8.71959884627063;8.26926190909458;8.23017168702857;7.80977317918806;8.63121256342431;7.75630219691905;8.99705611356386;10.1706150615243;8.98376025772767;8.01944601133427;10.2295624346581;9.43803533593259;9.55644397416462;8.31430041667415;9.18995475965392;9.54212680434531
D PCA;1.27346937519746;0.934675628161567;0.634499342459474;0.915459372147363;1.4580057012908;1.13894964803643;1.55336110398905;1.16254656046535;1.25988196042871;1.04871548169029;1.27346937519746;0.934675628161567;1.37989657410271;0.915459372147363;1.10369239830188;0.935949376561408;1.07111638860791;1.16254656046535;1.25988196042871;0.914090463719986;0.997847204390044;1.23517730905255;1.31983364890405;1.10459536303093;1.11523814720204;0.935949376561408;1.07111638860791;1.42151370326084;0.888075040165549;1.10989595512313;1.12696860542421;2.23499938610909;2.07935528187541;1.56495704529985;1.43342953809744;1.3680607557821;1.46288436432428;1.25392239139885;1.02850940143861;1.88316729974119;1.12696860542421;1.95731291454613;1.45368578463683;1.67749087655156;1.43814068525997;1.77925645118727;1.46288436432428;1.25392239139885;1.934974492601;2.00938329586938;1.89221996929021;2.24500621792808;1.88064697491572;2.12375746356368;1.82503520589367;2.06333609651805;1.51873589301456;3.21952028088867;2.00489986665402;2.3456742064442;2.23225037964717;3.64176700354539;2.65907889943918;2.41725303991981;2.58514386160418;2.36220194696031;1.89702938993846;3.47610641803388;2.97116609569937;2.7760820152281;2.26669394872553;3.24309051083792;2.59019869278456;3.77918463104733;2.61978573568024;2.50681448709285;2.48950681610349;3.71977324968565;2.9097773217303;2.62466015823411;2.93279891381785;3.22542698707053;2.59853929110448;4.03422563147914;2.53146589960302;3.20750375959934;4.05413236902787;2.99071915146798;3.33797681762579;3.80480061820984;2.61699118571148;3.66455503384613;3.49504479989205;4.6578043394128;4.40529712115445;3.49813525335108;3.29083651158273;3.64552336628878;5.33081738592107;3.5563491641684;4.6160924655437;6.58273306067144;4.44713217091189;4.67131235101956;3.83943249052559;4.08894422809674;4.14321097655531;4.5242412416486;4.33724288155068;5.24970673653524;6.16584949304803;5.94709718673975;5.09370340059022;4.85030386030217;4.19508871113284;4.80603072943516;5.96778746337878;4.87287313849352;4.7933096044128;4.75681675946834;7.04524291301589;8.1199213348893;6.68448143625203;5.67502254510879;6.91106676378264;5.13402372224648;5.24118609613647;5.97218541306877;7.00595153651737;4.95265901723419;7.63436008520231;7.52113886590804;5.61687457326754;6.6872268563123;5.94357993843336;6.49319124383968;6.91301713307047;6.65080201642367;7.16842882491631;7.1352871886227;9.70415162984307;7.94168471368117;6.93065001284241;8.49506806436431;8.53765072503184;9.41272418507345;7.99157485630232;7.43300573790632;7.00003462290236;8.60517023509401;10.2593716407706;10.3963152102379;8.88820463392554;7.70624574260415;7.95854054244811;9.72527360254939;7.33416019645426;8.50125348765277;9.51093473928245;8.72635395374838;9.97216132080201;11.074588526726;11.4437344357467;10.1100169120645;11.0073880582477;11.6421416232532;10.7571605417881;9.31058314212814;11.0374364581904;10.132402286752;12.1273799924153;9.93552555056315;11.2179142015786;10.6977695925488;12.1086073570704;11.0086937581721;11.5148948305964;12.4027575974883;10.110805728336;9.93682454953131;11.7987215246942;14.2430655963667;13.682869152937;10.6130850995498;11.6955435417801;13.5348266026922;14.0542918867126;12.1344267861076;10.4471725665229;14.4642409257045;14.2420078379721;13.4995213960899;14.9066401254771;13.6726159039293;12.2058886858096;13.6867249499695;14.5793236326769;14.7753525769305;13.2809283663869;16.0719212741509;15.7041825318196;15.1290607160532;14.5353366339743;17.8951526317576;17.2785604702087;16.3760101397233;16.1734222274932;15.512764063116;17.0362688201574;15.3566481748118;17.9389743090141;20.1375589549209;17.8219134056091;15.8889329861346;20.3841906494635;18.7551278263545;18.5916139400195;16.3911170779798;18.1434234297818;18.9326436503532
D DE (avg);1.5560969814032;1.15026183295212;0.808923678092389;1.17795123802039;1.7329208719548;1.38575188147693;1.79892470819149;1.48586507418815;1.59738382644565;1.32559115607502;1.55609698140293;1.15026183295743;1.75408157958948;1.17795123801914;1.38807885812497;1.13852102361588;1.28537429541469;1.48586507418817;1.59738382644581;1.13413520691891;1.23313491366407;1.40874350015523;1.683499241054;1.42027517765706;1.42271777044841;1.13852102361602;1.28537429541407;1.80967151399306;1.13735955887276;1.29008721381735;1.49659063797008;2.41992386066257;2.52523752558266;1.92013671199748;1.8565549539102;1.82322796179459;1.93817987085294;1.71294386860669;1.37060846794456;2.16011411688523;1.49659063797028;2.38905758746993;1.77097506716503;1.95845198473532;1.81095994298133;2.32973735383903;1.93817987085284;1.71294386860676;2.34952415102081;2.39272010039007;2.45058981710725;2.76678677393534;2.33052080150944;2.83277589384771;2.30739076947146;2.74212404156492;2.04396237132002;3.65491965142538;2.472178862092;2.96534547419354;2.7654461062944;4.02643323275588;3.34559206762384;3.14774604116445;3.01640028868908;2.9000964619475;2.56972340729161;3.73279259911055;3.43336745338255;3.21568645424454;2.64681203492948;3.71044914698868;3.16617614345652;4.16292570329416;3.24488073574373;3.15466038834986;3.05226918421134;3.73169119660543;3.2359849809494;3.37959844328692;3.65335126276462;3.83345286600223;3.06253296565179;4.4616224071243;3.33783549284526;3.88172552664068;4.51070142300712;3.46356585809717;3.53187653354099;4.1226112313076;3.61365611464725;4.2112708200154;4.25338208470522;5.01938379977423;4.81886300007514;3.92790161234696;3.95591498789646;4.41126508907608;5.33157854122474;3.97603537414944;4.99645419562876;6.58848349554122;4.76559248889397;5.17141083463957;4.24208560660336;4.54897945367407;4.58595975861821;5.09079205555094;4.85959477890217;5.27692949426383;6.17271175103996;6.31175306950225;5.09593943747681;5.53134175718633;4.19712214123772;5.29067530440401;5.97072461710228;5.32520675616357;5.41130057599233;5.4996512668106;7.63081256145539;8.12070917940252;6.6849836269201;6.17649955773187;6.91109869084114;5.89679649827358;5.57397333125944;6.64835318217026;7.00820884849153;4.95286563287148;7.63495799163078;7.57880932023175;6.09516671737165;6.68756080579542;6.66353884724708;7.20593790606723;6.92051583879566;6.66179017063966;7.17629893069884;7.15099548251446;9.7343794578204;7.94415184484036;7.45306770057876;8.51685918833584;8.53789101440043;9.45295524265073;7.99223914232201;8.19592810654023;7.0066224491174;8.60761245417391;10.2631746721966;10.3984574671335;8.888242529443;7.70887170101932;7.96649507585326;9.73201659080281;8.008079271154;8.50235339587086;9.5117943840542;8.72637429694152;9.97464488992156;11.0772156766341;11.4455977681204;10.1140553011978;11.0259711558291;11.6746111226825;10.7618443081266;9.31103198008874;11.0394700186803;10.1324199063522;12.1273978387689;9.93559148748808;11.2182442820894;10.699495974386;12.126628352357;11.0232411208224;11.5153349209225;12.4041971000384;10.1536195091771;9.9369537555529;11.79878537081;14.2431058691095;13.6884136583834;10.6200160474363;11.7444230919724;13.5358109099666;14.0555444330274;12.1359183517306;10.4504340067886;14.4742732877184;14.2514730200945;13.5006267020487;14.9066422620338;13.6759430476843;12.2074452483981;13.6868022827034;14.5802197985014;14.777567205391;13.2809538942764;16.0722419917896;15.704813453322;15.1290627469066;14.537008159379;17.9008841698971;17.2785691882309;16.3766621956271;16.173440738152;15.5251314476948;17.0366607383127;15.3570633041139;17.939635585253;20.1388853654608;17.8243655758892;15.889160360205;20.3842630731629;18.7559009144224;18.5961722278546;16.3911944100717;18.1545832385355;18.932897952676
D PCA ratio;1.12909544715445;1.00044593678333;0.997996650707894;1.00000254482206;1.1813146910754;1.15876661895003;1.06194787276569;1.05148483928408;1.18481710791773;1.00224076108925;1.12909544715445;1.00044593678333;1.04044335343362;1.00000254482206;1.00581265339635;1.18480912005179;1.00337494957889;1.05148483928408;1.18481710791773;1.11218612333934;1.0019836281879;1.24268135967002;1.06275862524383;1.01780918441808;1.05873712677424;1.18480912005179;1.00337494957889;1.17455774890604;1.04467964338691;1.11733434923247;1.03424737712709;1.60227168956119;1.27112241412386;1.0007278645851;1.13766065372324;1.09765887421547;1.09883694252767;1.02981311630213;1.00605131772566;1.47475973845513;1.03424737712709;1.31717084135057;1.33564605455721;1.42997104061558;1.23425553443692;1.08476542042963;1.09883694252767;1.02981311630213;1.3271561326195;1.26705147666078;1.18917399697764;1.23292274687541;1.32459107432883;1.14615832467284;1.27745037918511;1.22583175191154;1.00777348408518;1.53929262061833;1.34626420108564;1.25265508436467;1.3311897608432;1.61731978735927;1.32982331489835;1.26462156484127;1.46178630942355;1.36464903068924;1.12488247154756;1.70382041756697;1.50323074159003;1.47848755319673;1.49282542090653;1.53074751871828;1.38627138746707;1.67528749326815;1.35243725298224;1.30323962337083;1.34079306404489;1.87409256297963;1.59523854040856;1.24040182071791;1.34472619491913;1.45707973571074;1.45897552853203;1.6505694128473;1.24250263619102;1.38332225757416;1.63051974774467;1.50313151142479;1.75260575081871;1.70955445434295;1.15800387101921;1.52312704011176;1.40096757061072;1.70468742996355;1.7052265383823;1.59793332888281;1.42606954830989;1.41966326662045;1.8950481227249;1.61846157384296;1.70913697993484;1.89493056642748;1.73238076243975;1.61837293465842;1.65236735836743;1.61938197285545;1.63733438758925;1.57459295552729;1.5863944965855;1.88182589369928;1.88018752700964;1.76280072161938;1.91151593247366;1.55467767956006;1.88085494138494;1.66568412992312;1.93105425112638;1.67575512521028;1.59440402714629;1.52616137043446;1.71205215591448;1.95194573538271;1.91141047975305;1.68988923705213;1.92901692402639;1.52274340663768;1.75471073120182;1.67455703611236;1.94194080019944;1.92353422381288;1.93508024545013;1.90535979447771;1.69500207226144;1.88073587619026;1.61685336985141;1.67323039973258;1.91466438149126;1.90869572284869;1.92703730291863;1.92742384257963;1.93082879294559;1.93237800989846;1.72398610677013;1.90482367619805;1.92020590520215;1.92100967934533;1.93112685788086;1.67929811680413;1.93024694941715;1.92990175244007;1.93982162674556;1.95360279305523;1.94496750287285;1.91516747127422;1.91606785936754;1.94993153341497;1.71498043345321;1.90095682294635;1.94180291950644;1.93840562448479;1.94424537302303;1.96152723946861;1.92950122801578;1.94075315357539;1.94259234666229;1.93286598896642;1.95801722992411;1.95724034885749;1.97996146694625;1.91775804575091;1.96626184703994;1.96807553504211;1.96490968635236;1.95397606543007;1.94744931748769;1.94733500053729;1.97817837741574;1.95283912092865;1.93054242516665;1.96272207005885;1.97093553458374;1.98717485052756;1.97022607293184;1.93470321152776;1.93209749791232;1.97689183705169;1.95678207841058;1.97254692401448;1.96958972932874;1.97298631282319;1.97408816108866;1.98056306425274;1.97065682682128;1.95533241019738;1.96076974825973;1.96727634575242;1.96826208501026;1.98152095520136;1.96090064823794;1.95757623056399;1.96990577077077;1.98012417582808;1.97589602937432;1.96628885377649;1.98157745268278;1.98034725707658;1.96513789049915;1.98632709391039;1.97379785226822;1.97989296767108;1.99387156005057;1.97997454756712;1.9837921866046;1.98130057408929;1.99267473850115;1.98718559094071;1.94545314033975;1.97143671223471;1.97426689295966;1.98411151293144
D DE (avg) ratio;1.37968140518551;1.23120229343883;1.27234666356818;1.28673567777629;1.40405821643842;1.40986304809087;1.22982625367904;1.3439157207649;1.50221032202086;1.26684645392711;1.37968140518527;1.23120229344451;1.32257921000416;1.28673567777492;1.26497861320975;1.44124257778412;1.20408237850595;1.34391572076491;1.50221032202101;1.3799175127509;1.23824668686984;1.41730201434969;1.35559003250692;1.30868657302148;1.35063898977472;1.44124257778429;1.20408237850537;1.49528189201356;1.33792340132023;1.29873322886722;1.37345879424111;1.7348440974668;1.54369291661391;1.22785115238772;1.47347983727332;1.46286072714477;1.45585235258185;1.40679524943533;1.34068045788677;1.69164435389714;1.37345879424129;1.60771278273224;1.62717135035416;1.66947532278965;1.55422022002265;1.42037901194143;1.45585235258178;1.40679524943538;1.6114865584473;1.50877114519033;1.54008399396358;1.51947657075406;1.64144950827649;1.52880436131248;1.61507964551631;1.62910091259622;1.35629314468598;1.74746246569352;1.6600359729035;1.5835767281498;1.64915798623123;1.78815122809267;1.6731531864675;1.6467897479332;1.7056430441789;1.67539182278409;1.523770181379;1.8296356555461;1.73707673582094;1.71261236934069;1.74316797039392;1.75134206279547;1.69453386243358;1.84539736662734;1.67513607266999;1.64004095139238;1.64388437312814;1.8800970514764;1.77407663440172;1.59718203867161;1.67510875673544;1.73175412472357;1.71948935600256;1.82543520109792;1.63828768133221;1.67409852684524;1.81414593232847;1.7407836441765;1.85441285606901;1.85235156877213;1.59902249275482;1.75036270432728;1.70494248493544;1.83702015931319;1.865311883981;1.79424877666724;1.71427838486835;1.71786335652043;1.89531870523128;1.80945688183177;1.84996827902447;1.89658590847228;1.85643700976273;1.79163170858256;1.82565621483089;1.80157392990378;1.81230201777678;1.77177229961413;1.7774504733592;1.89158424649165;1.88228007433797;1.87088969899641;1.91235505085142;1.77297213032348;1.88176662343128;1.83365325509636;1.93200465413902;1.831310247737;1.79996706712171;1.76448993910906;1.85435041183363;1.95213512511622;1.91155407989839;1.83921738500657;1.92902583550681;1.74898061906523;1.86612546099127;1.86414952479557;1.94256649197;1.92361447004992;1.93523179671382;1.91996967829408;1.83933610800104;1.8808297971514;1.81270637425751;1.85689808142585;1.91674126116376;1.91184918357451;1.92915296700504;1.93166705513336;1.93684320438856;1.93297831451535;1.85393652035609;1.90970983467935;1.92025994876511;1.92922029398746;1.93128737950482;1.85166097270521;1.93206353063994;1.93044947465281;1.94054069637922;1.95400535097791;1.94497579538557;1.91582007830307;1.91798296248382;1.95128351238874;1.87256603233332;1.9012027723272;1.94197842914595;1.93841014336635;1.94472958778992;1.96199255933982;1.92981540011785;1.94152837645722;1.94587190607711;1.93825668022897;1.95886976858019;1.95733470210618;1.98032625920812;1.91776138060963;1.96626474054242;1.96808859613769;1.96496750266128;1.95429139366373;1.95034766689621;1.94990829298022;1.97825398185503;1.95306577349946;1.93871722572324;1.96274759083854;1.9709461998561;1.98718046933071;1.97102443832363;1.93596668270596;1.9401723732944;1.97703560461318;1.95695647070304;1.97278938978839;1.97020460375618;1.97435477128847;1.97540013227859;1.98072522764301;1.97065710927393;1.95580822785095;1.96101979648756;1.96728746125732;1.96838307067865;1.98181795878755;1.96090441737619;1.95761529429604;1.96998491248388;1.98012444163057;1.97612325221017;1.96691862541302;1.98157845250197;1.98042611005173;1.96514013962099;1.98791067185755;1.97384325934775;1.97994648921932;1.99394505922969;1.98010496352838;1.98406514249498;1.98132892692938;1.9926818183445;1.98726750291078;1.94593012611475;1.97144601332897;1.97548124156589;1.98413816341806
weights;RandomPearson (1);RandomPearson (2);RandomPearson (1);RandomPearson (2);RandomPearson (1);RandomPearson (2);RandomPearson (1);RandomPearson (2);RandomPearson (1);RandomPearson (2);RandomPearson (1);RandomPearson (2);RandomPearson (1);RandomPearson (2);RandomPearson (1);RandomPearson (2);RandomPearson (1);RandomPearson (2);RandomPearson (1);RandomPearson (2);RandomPearson (1);RandomPearson (2);RandomPearson (1);RandomPearson (2);RandomPearson (1);RandomPearson (2);RandomPearson (1);RandomPearson (2);RandomPearson (1);RandomPearson (2);RandomPearson (1);RandomPearson (2);RandomPearson (1);RandomPearson (2);RandomPearson (1);RandomPearson (2);RandomPearson (1);RandomPearson (2);RandomPearson (1);RandomPearson (2);RandomPearson (1);RandomPearson (2);RandomPearson (1);RandomPearson (2);RandomPearson (1);RandomPearson (2);RandomPearson (1);RandomPearson (2);RandomPearson (1);RandomPearson (2);RandomPearson (1);RandomPearson (2);RandomPearson (1);RandomPearson (2);RandomPearson (1);RandomPearson (2);RandomPearson (1);RandomPearson (2);RandomPearson (1);RandomPearson (2);RandomPearson (1);RandomPearson (2);RandomPearson (1);RandomPearson (2);RandomPearson (1);RandomPearson (2);RandomPearson (1);RandomPearson (2);RandomPearson (1);RandomPearson (2);RandomPearson (1);RandomPearson (2);RandomPearson (1);RandomPearson (2);RandomPearson (1);RandomPearson (2);RandomPearson (1);RandomPearson (2);RandomPearson (1);RandomPearson (2);RandomPearson (1);RandomPearson (2);RandomPearson (1);RandomPearson (2);RandomPearson (1);RandomPearson (2);RandomPearson (1);RandomPearson (2);RandomPearson (1);RandomPearson (2);RandomPearson (1);RandomPearson (2);RandomPearson (1);RandomPearson (2);RandomPearson (1);RandomPearson (2);RandomPearson (1);RandomPearson (2);RandomPearson (1);RandomPearson (2);RandomPearson (1);RandomPearson (2);RandomPearson (1);RandomPearson (2);RandomPearson (1);RandomPearson (2);RandomPearson (1);RandomPearson (2);RandomPearson (1);RandomPearson (2);RandomPearson (1);RandomPearson (2);RandomPearson (1);RandomPearson (2);RandomPearson (1);RandomPearson (2);RandomPearson (1);RandomPearson (2);RandomPearson (1);RandomPearson (2);RandomPearson (1);RandomPearson (2);RandomPearson (1);RandomPearson (2);RandomPearson (1);RandomPearson (2);RandomPearson (1);RandomPearson (2);RandomPearson (1);RandomPearson (2);RandomPearson (1);RandomPearson (2);RandomPearson (1);RandomPearson (2);RandomPearson (1);RandomPearson (2);RandomPearson (1);RandomPearson (2);RandomPearson (1);RandomPearson (2);RandomPearson (1);RandomPearson (2);RandomPearson (1);RandomPearson (2);RandomPearson (1);RandomPearson (2);RandomPearson (1);RandomPearson (2);RandomPearson (1);RandomPearson (2);RandomPearson (1);RandomPearson (2);RandomPearson (1);RandomPearson (2);RandomPearson (1);RandomPearson (2);RandomPearson (1);RandomPearson (2);RandomPearson (1);RandomPearson (2);RandomPearson (1);RandomPearson (2);RandomPearson (1);RandomPearson (2);RandomPearson (1);RandomPearson (2);RandomPearson (1);RandomPearson (2);RandomPearson (1);RandomPearson (2);RandomPearson (1);RandomPearson (2);RandomPearson (1);RandomPearson (2);RandomPearson (1);RandomPearson (2);RandomPearson (1);RandomPearson (2);RandomPearson (1);RandomPearson (2);RandomPearson (1);RandomPearson (2);RandomPearson (1);RandomPearson (2);RandomPearson (1);RandomPearson (2);RandomPearson (1);RandomPearson (2);RandomPearson (1);RandomPearson (2);RandomPearson (1);RandomPearson (2);RandomPearson (1);RandomPearson (2);RandomPearson (1);RandomPearson (2);RandomPearson (1);RandomPearson (2);RandomPearson (1);RandomPearson (2);RandomPearson (1);RandomPearson (2);RandomPearson (1);RandomPearson (2);RandomPearson (1);RandomPearson (2);RandomPearson (1);RandomPearson (2);RandomPearson (1);RandomPearson (2);RandomPearson (1);RandomPearson (2);RandomPearson (1);RandomPearson (2);RandomPearson (1);RandomPearson (2);RandomPearson (1);RandomPearson (2);RandomPearson (1);RandomPearson (2);RandomPearson (1);RandomPearson (2);RandomPearson (1);RandomPearson (2);RandomPearson (1);RandomPearson (2);RandomPearson (1);RandomPearson (2);RandomPearson (1);RandomPearson (2);RandomPearson (1);RandomPearson (2);RandomPearson (1);RandomPearson (2);RandomPearson (1);RandomPearson (2);RandomPearson (1);RandomPearson (2);RandomPearson (1);RandomPearson (2);RandomPearson (1);RandomPearson (2);RandomPearson (1);RandomPearson (2);RandomPearson (1);RandomPearson (2);RandomPearson (1);RandomPearson (2);RandomPearson (1);RandomPearson (2);RandomPearson (1);RandomPearson (2);RandomPearson (1);RandomPearson (2);RandomPearson (1);RandomPearson (2);RandomPearson (1);RandomPearson (2);RandomPearson (1);RandomPearson (2);RandomPearson (1);RandomPearson (2);RandomPearson (1);RandomPearson (2);RandomPearson (1);RandomPearson (2);RandomPearson (1);RandomPearson (2);RandomPearson (1);RandomPearson (2);RandomPearson (1);RandomPearson (2);RandomPearson (1);RandomPearson (2);RandomPearson (1);RandomPearson (2);RandomPearson (1);RandomPearson (2);RandomPearson (1);RandomPearson (2);RandomPearson (1);RandomPearson (2);RandomPearson (1);RandomPearson (2);RandomPearson (1);RandomPearson (2);RandomPearson (1);RandomPearson (2);RandomPearson (1);RandomPearson (2);RandomPearson (1);RandomPearson (2);RandomPearson (1);RandomPearson (2);RandomPearson (1);RandomPearson (2);RandomPearson (1);RandomPearson (2);RandomPearson (1);RandomPearson (2);RandomPearson (1);RandomPearson (2);RandomPearson (1);RandomPearson (2);RandomPearson (1);RandomPearson (2);RandomPearson (1);RandomPearson (2);RandomPearson (1);RandomPearson (2);RandomPearson (1);RandomPearson (2);RandomPearson (1);RandomPearson (2);RandomPearson (1);RandomPearson (2);RandomPearson (1);RandomPearson (2);RandomPearson (1);RandomPearson (2);RandomPearson (1);RandomPearson (2);RandomPearson (1);RandomPearson (2);RandomPearson (1);RandomPearson (2);RandomPearson (1);RandomPearson (2);RandomPearson (1);RandomPearson (2);RandomPearson (1);RandomPearson (2);RandomPearson (1);RandomPearson (2);RandomPearson (1);RandomPearson (2);RandomPearson (1);RandomPearson (2);RandomPearson (1);RandomPearson (2);RandomPearson (1);RandomPearson (2);RandomPearson (1);RandomPearson (2);RandomPearson (1);RandomPearson (2);RandomPearson (1);RandomPearson (2);RandomPearson (1);RandomPearson (2);RandomPearson (1);RandomPearson (2);RandomPearson (1);RandomPearson (2);RandomPearson (1);RandomPearson (2);RandomPearson (1);RandomPearson (2);RandomPearson (1);RandomPearson (2);RandomPearson (1);RandomPearson (2);RandomPearson (1);RandomPearson (2);RandomPearson (1);RandomPearson (2);RandomPearson (1);RandomPearson (2);RandomPearson (1);RandomPearson (2);RandomPearson (1);RandomPearson (2);RandomPearson (1);RandomPearson (2);RandomPearson (1);RandomPearson (2);RandomPearson (1);RandomPearson (2);RandomPearson (1);RandomPearson (2);RandomPearson (1);RandomPearson (2);RandomPearson (1);RandomPearson (2);RandomPearson (1);RandomPearson (2);RandomPearson (1);RandomPearson (2);RandomPearson (1);RandomPearson (2);RandomPearson (1);RandomPearson (2);RandomPearson (1);RandomPearson (2);RandomPearson (1);RandomPearson (2);RandomPearson (1);RandomPearson (2);RandomPearson (1);RandomPearson (2);RandomPearson (1);RandomPearson (2);RandomPearson (1);RandomPearson (2);RandomPearson (1);RandomPearson (2);RandomPearson (1);RandomPearson (2);RandomPearson (1);RandomPearson (2);RandomPearson (1);RandomPearson (2);RandomPearson (1);RandomPearson (2);RandomPearson (1);RandomPearson (2);RandomPearson (1);RandomPearson (2);RandomPearson (1);RandomPearson (2);RandomPearson (1);RandomPearson (2);RandomPearson (1);RandomPearson (2);RandomPearson (1);RandomPearson (2);RandomPearson (1);RandomPearson (2);RandomPearson (1);RandomPearson (2);RandomPearson (1);RandomPearson (2);RandomPearson (1);RandomPearson (2);RandomPearson (1);RandomPearson (2);RandomPearson (1);RandomPearson (2);RandomPearson (1);RandomPearson (2)
W PCA;0.732412306407388;0.267587693592612;0.483518057051816;0.516481942948184;0.488629004613402;0.511370995386598;0.499989188713507;0.500010811286493;0.218081342391492;0.781918657608508;0.753188867297615;0.246811132702385;0.744609619291764;0.255390380708237;0.379761723909521;0.620238276090479;0.27135956958251;0.72864043041749;0.517394294004081;0.482605705995919;0.732412306407388;0.267587693592612;0.483518057051816;0.516481942948184;0.377826629039052;0.622173370960948;0.499989188713507;0.500010811286493;0.53239321209646;0.46760678790354;0.757010330639177;0.242989669360823;0.437439965959006;0.562560034040994;0.379761723909521;0.620238276090479;0.27135956958251;0.72864043041749;0.300920762726621;0.699079237273379;0.523845289947398;0.476154710052602;0.1581060551643;0.8418939448357;0.357132581515313;0.642867418484687;0.564750053823543;0.435249946176457;0.358367401976757;0.641632598023243;0.757010330639177;0.242989669360823;0.437439965959006;0.562560034040994;0.708364692382171;0.291635307617829;0.615626308158414;0.384373691841586;0.769644524064985;0.230355475935015;0.404902731270526;0.595097268729474;0.0796850609051953;0.920314939094805;0.207469051860133;0.792530948139867;0.494369043639854;0.505630956360146;0.306576914666688;0.693423085333312;0.347146642480788;0.652853357519212;0.345385491592653;0.654614508407347;0.440302523234447;0.559697476765553;0.472701573916789;0.527298426083211;0.137809623686276;0.862190376313724;0.404902731270526;0.595097268729474;0.209456096759118;0.790543903240881;0.200669232780139;0.799330767219861;0.157613067086567;0.842386932913433;0.248031739222785;0.751968260777215;0.358581805391143;0.641418194608857;0.345385491592653;0.654614508407347;0.440302523234447;0.559697476765553;0.202753996812046;0.797246003187954;0.19345517115191;0.80654482884809;0.280339938361862;0.719660061638138;0.231411799168886;0.768588200831114;0.218209261650882;0.781790738349118;0.318359734726032;0.681640265273968;0.240641223434369;0.759358776565631;0.28675389466913;0.713246105330871;0.476096440363808;0.523903559636192;0.125071629414431;0.874928370585569;0.210836465645834;0.789163534354166;0.242959616185081;0.757040383814919;0.216594971029183;0.783405028970818;0.0984645515742029;0.901535448425797;0.22831774735981;0.77168225264019;0.264359090349351;0.735640909650649;0.152841902487869;0.847158097512131;0.204788523667778;0.795211476332222;0.341375167724759;0.658624832275241;0.0699607732367382;0.930039226763262;0.14217335735309;0.85782664264691;0.14440115132319;0.85559884867681;0.152416855114432;0.847583144885568;0.132113924273244;0.867886075726756;0.198037173329546;0.801962826670454;0.0938644854371899;0.90613551456281;0.214827285550751;0.78517271444925;0.233274408229206;0.766725591770794;0.209967685489225;0.790032314510775;0.00319748900072023;0.99680251099928;0.10443617500349;0.89556382499651;0.262871203741541;0.737128796258459;0.219420393201147;0.780579606798853;0.168434134030209;0.831565865969791;0.161427596729637;0.838572403270363;0.0982488795521658;0.901751120447834;0.282325306893694;0.717674693106306;0.190257605727234;0.809742394272766;0.103816120413936;0.896183879586064;0.143261739648653;0.856738260351346;0.0555225929523558;0.944477407047644;0.0781930073776294;0.921806992622371;0.33501914521005;0.66498085478995;0.135534403811172;0.864465596188828;0.194799415748437;0.805200584251563;0.0733110114270255;0.926688988572974;0.0869181469292811;0.913081853070719;0.113545601427428;0.886454398572572;0.181062372819137;0.818937627180863;0.186885845582373;0.813114154417627;0.000142766789989538;0.99985723321001;0.108491098255116;0.891508901744884;0.0773450761175572;0.922654923882443;0.000872930833216245;0.999127069166784;0.0676884388806292;0.932311561119371;0.0997080539683928;0.900291946031607;0.0971558344095706;0.902844165590429;0.103818779256522;0.896181220743478;0.0989744139616492;0.901025586038351;0.11625636001576;0.88374363998424;0.110942135162954;0.889057864837046;0.00516519588184843;0.994834804118152;0.00111208410004688;0.998887915899953;0.0583487770088266;0.941651222991173;0.00043881914278908;0.999561180857211;0.12817802391963;0.87182197608037;0.000484513625651219;0.999515486374349;0.0934305743602439;0.906569425639756;0.000491942779169254;0.999508057220831;0.0863993587169764;0.913600641283024;0.118196688824095;0.881803311175905;0.142526811533092;0.857473188466908;0.0779296990799991;0.922070300920001;9.70171162725871E-05;0.999902982883727;7.5125787919317E-05;0.999924874212081;0.0827280841323291;0.917271915867671;4.61968425293958E-06;0.999995380315747;0.135722938424492;0.864277061575508;0.0604027014337124;0.939597298566288;0.103213628476784;0.896786371523216;0.000322106811184311;0.999677893188816;4.17165479156078E-05;0.999958283452084;7.83124833946857E-05;0.999921687516605;0.00761449115423089;0.992385508845769;0.0797598130455735;0.920240186954427;4.9936314394779E-05;0.999950063685605;0.111265304030749;0.888734695969251;0.100628945535093;0.899371054464908;0.00108368106547962;0.99891631893452;0.00164974209228989;0.99835025790771;0.00109678338539257;0.998903216614607;0.0021970494323141;0.997802950567686;0.00310693893425191;0.996893061065748;0.000310567709885925;0.999689432290114;0.0711125138628878;0.928887486137112;0.0025595140055225;0.997440485994478;2.81441250754313E-05;0.999971855874925;0.00425745103516904;0.995742548964831;8.31172453951756E-05;0.999916882754605;0.0949443991392712;0.905055600860729;0.00094033572137589;0.999059664278624;0.000283735746579826;0.99971626425342;0.00037055931711187;0.999629440682888;0.000206020189709559;0.999793979810291;4.26355695703706E-06;0.999995736443043;0.000340654560401815;0.999659345439598;0.000998591756601803;0.999001408243398;0.000692890093121719;0.999307109906878;0.0856406377678436;0.914359362232156;0.000129377620303039;0.999870622379697;9.03772260201321E-05;0.99990962277398;2.3312339614548E-06;0.999997668766038;0.000248995912082132;0.999751004087918;0.000237168763538541;0.999762831236461;0.000162803984028439;0.999837196015972;0.000399293558543779;0.999600706441456;0.00168566181080767;0.998314338189192;0.0027819471274553;0.997218052872545;0.000435235555305808;0.999564764444694;4.82050665792599E-05;0.999951794933421;0.000184209002577974;0.999815790997422;1.73893342010728E-06;0.99999826106658;1.47157340430755E-06;0.999998528426596;6.63643800848684E-06;0.999993363561992;2.9423572431364E-05;0.999970576427569;0.000161353601308282;0.999838646398692;0.00148623759156396;0.998513762408436;0.00131986174388969;0.99868013825611;3.82177985680923E-05;0.999961782201432;0.00011605098017679;0.999883949019823;0.00421785476733469;0.995782145232665;1.30025856062304E-05;0.999986997414394;5.41124793999118E-06;0.99999458875206;2.82752543037912E-06;0.99999717247457;0.000405057540765186;0.999594942459235;0.000652676013265239;0.999347323986735;0.00416281458683544;0.995837185413165;7.27188962746689E-05;0.999927281103725;8.91159424133986E-05;0.999910884057587;0.000122905667981279;0.999877094332019;0.000312091830758595;0.999687908169241;0.000693144112896299;0.999306855887104;0.000664163247893372;0.999335836752107;8.18708687098345E-05;0.99991812913129;1.43329243614274E-07;0.999999856670756;0.000243291970908407;0.999756708029092;0.000127510933963887;0.999872489066036;5.65016936047926E-06;0.99999434983064;6.14646258291023E-05;0.999938535374171;0.000149864959122924;0.999850135040877;1.92214299554168E-06;0.999998077857004;1.99547758948937E-05;0.999980045224105;4.01738365988204E-05;0.999959826163401;1.34235291847549E-07;0.999999865764708;0.000114984773490561;0.999885015226509;0.000320190482774782;0.999679809517225;5.04556965088668E-07;0.999999495443035;3.98162267459368E-05;0.999960183773254;1.14450972478784E-06;0.999998855490275;0.00079661088863534;0.999203389111365;2.30044175317322E-05;0.999976995582468;2.70318344864103E-05;0.999972968165514;3.68611945102887E-05;0.99996313880549;6.58632552791401E-05;0.999934136744721;0.000137574311720079;0.99986242568828;1.4310016167871E-05;0.999985689983832;3.55292227161306E-06;0.999996447077728;4.12184495919746E-05;0.999958781550408;0.000245127384812797;0.999754872615187;4.7179055984244E-06;0.999995282094402;0.000614720976996144;0.999385279023004;1.3431772693822E-05;0.999986568227306
W DE (avg);0.999999999999971;2.87549106760832E-14;5.20266028811171E-12;0.999999999994797;0.999999999999993;7.25228290597451E-15;7.38953421114174E-15;0.999999999999993;1.56227080652299E-14;0.999999999999984;0.999999999999844;1.56192059346565E-13;0.999999999999971;2.92750046044484E-14;1.76243182959345E-14;0.999999999999982;2.34933696639145E-13;0.999999999999765;0.99999999999986;1.39662903050427E-13;0.999999999999798;2.02642543759495E-13;5.91450081279679E-13;0.999999999999408;1.01606323299244E-13;0.999999999999898;1.07013317487803E-12;0.99999999999893;0.999999999999996;3.69551261875195E-15;0.99999999999987;1.29599813731902E-13;0.799999999999774;0.200000000000226;5.51515879309858E-15;0.999999999999994;1.34220415574401E-13;0.999999999999866;1.73734163719524E-14;0.999999999999983;0.999999999998597;1.40328171960868E-12;6.61383783314788E-14;0.999999999999934;7.19183115885098E-15;0.999999999999993;0.999999999999879;1.21593608417512E-13;1.13258615309334E-14;0.999999999999989;0.999999999999987;1.29172120545936E-14;0.799999999999339;0.200000000000661;0.999999999999927;7.28107147508665E-14;0.999999999999979;2.06040441290869E-14;0.999999999999788;2.12416019061012E-13;1.45360140664017E-13;0.999999999999855;1.54759255266145E-13;0.999999999999845;2.36092092045288E-13;0.999999999999764;0.199999999999995;0.800000000000005;4.25202181035389E-15;0.999999999999996;1.82556345684031E-15;0.999999999999998;1.14508579046722E-13;0.999999999999886;7.43403428704971E-14;0.999999999999926;3.59764860503898E-14;0.999999999999964;6.14914637461879E-15;0.999999999999994;1.20092610067625E-14;0.999999999999988;3.17332517534319E-13;0.999999999999683;2.69040706876311E-14;0.999999999999973;3.08699424020649E-14;0.999999999999969;8.08915834421782E-14;0.999999999999919;1.60520208099531E-14;0.999999999999984;1.65872286029513E-13;0.999999999999834;3.4335595026832E-14;0.999999999999966;9.45200923214167E-15;0.999999999999991;1.54171330339218E-14;0.999999999999985;1.15142105275826E-14;0.999999999999988;6.09267664056365E-14;0.999999999999939;3.04326183940843E-14;0.999999999999969;2.49309666547757E-14;0.999999999999975;1.02046669333601E-13;0.999999999999898;2.35884516434618E-14;0.999999999999976;9.35539051231019E-14;0.999999999999907;4.61853129923059E-13;0.999999999999538;1.34485730297071E-14;0.999999999999986;1.08659369978403E-13;0.999999999999891;3.42814145728216E-14;0.999999999999966;2.19476381945393E-14;0.999999999999978;1.00979304053095E-14;0.99999999999999;6.6056543611344E-14;0.999999999999934;3.11566976523445E-14;0.999999999999969;6.82917475071131E-14;0.999999999999932;6.93116262684509E-15;0.999999999999993;8.56141171944686E-14;0.999999999999914;9.60302395296382E-15;0.99999999999999;1.06082772289824E-14;0.999999999999989;4.47729039502129E-14;0.999999999999955;1.40024849367506E-14;0.999999999999986;3.91456811084868E-13;0.999999999999609;2.98564517002801E-14;0.99999999999997;5.38240083065046E-14;0.999999999999946;5.84337315615299E-13;0.999999999999416;7.42470791566795E-15;0.999999999999993;6.70830862857371E-15;0.999999999999993;1.00299744891214E-14;0.99999999999999;1.54649602899351E-15;0.999999999999998;1.49499795921713E-14;0.999999999999985;8.00065656531283E-15;0.999999999999992;1.30452400841324E-14;0.999999999999987;4.39450433218685E-14;0.999999999999956;2.31625040795578E-14;0.999999999999977;5.6185455206638E-15;0.999999999999994;2.33661142396625E-15;0.999999999999998;6.63966238900331E-14;0.999999999999934;1.03850954363944E-14;0.99999999999999;3.93774994206167E-14;0.999999999999961;6.61719712071904E-14;0.999999999999934;1.030529934859E-13;0.999999999999897;1.77887267632195E-14;0.999999999999982;3.61173157705163E-14;0.999999999999964;5.11708224147728E-15;0.999999999999995;2.76590620013802E-13;0.999999999999723;9.63289775813314E-15;0.99999999999999;1.29303216910487E-13;0.999999999999871;3.12042300703296E-14;0.999999999999969;1.22295490229626E-12;0.999999999998777;2.48976267263505E-14;0.999999999999975;2.85498029268613E-14;0.999999999999971;4.63884317258758E-14;0.999999999999954;4.67120204394717E-13;0.999999999999533;2.96786897900113E-14;0.99999999999997;3.16185164790224E-14;0.999999999999968;4.37219315078607E-15;0.999999999999996;1.12608256325689E-14;0.999999999999989;1.31727532187109E-14;0.999999999999987;4.91829389642537E-14;0.999999999999951;1.26697320466189E-13;0.999999999999873;1.7605305147531E-15;0.999999999999998;1.52915799373411E-13;0.999999999999847;4.17665990396745E-13;0.999999999999582;4.60612624435366E-14;0.999999999999954;2.00710891564774E-14;0.99999999999998;6.37748360641919E-15;0.999999999999994;1.35367156484601E-14;0.999999999999986;7.76405675036455E-15;0.999999999999992;3.44402907502041E-14;0.999999999999966;5.73710818527657E-14;0.999999999999943;4.12246817559664E-13;0.999999999999588;2.87047063214801E-14;0.999999999999971;2.95294539778772E-13;0.999999999999705;4.80778723650516E-14;0.999999999999952;2.56730840508288E-15;0.999999999999997;1.41596988697808E-14;0.999999999999986;1.12210526779532E-13;0.999999999999888;3.7679699703868E-14;0.999999999999962;8.90605025058636E-14;0.999999999999911;2.95312044920264E-14;0.99999999999997;5.62863370478227E-14;0.999999999999944;7.64965741480033E-14;0.999999999999923;7.89530326952045E-13;0.99999999999921;1.790695318098E-13;0.999999999999821;2.13889646778998E-14;0.999999999999979;2.53278536362158E-13;0.999999999999747;2.70839207390136E-14;0.999999999999973;6.77021630786833E-15;0.999999999999993;9.59996520159886E-14;0.999999999999904;6.01742194186892E-15;0.999999999999994;1.94536191528244E-13;0.999999999999805;2.84241048327718E-14;0.999999999999972;3.51428093879503E-14;0.999999999999965;3.13664317370484E-14;0.999999999999969;1.58548179693876E-15;0.999999999999998;9.48878614193698E-13;0.999999999999051;5.29171808489638E-14;0.999999999999947;3.01028797600035E-14;0.99999999999997;5.51573839451489E-14;0.999999999999945;4.24741021475335E-15;0.999999999999996;1.6101031119643E-14;0.999999999999984;2.79464261390554E-14;0.999999999999972;3.16404082738534E-14;0.999999999999968;5.86899527117083E-14;0.999999999999941;8.39667924785633E-14;0.999999999999916;1.9462526987227E-14;0.99999999999998;1.35711863523873E-13;0.999999999999864;1.18474779153365E-14;0.999999999999988;1.23152880713819E-14;0.999999999999988;1.94986542681932E-15;0.999999999999998;5.0830830882337E-14;0.999999999999949;7.21857060223568E-13;0.999999999999278;2.73905104661161E-14;0.999999999999973;4.65424644152363E-14;0.999999999999953;6.30493426027375E-14;0.999999999999937;9.84943851450285E-14;0.999999999999902;2.01264436124544E-14;0.99999999999998;8.77382394206682E-14;0.999999999999912;1.68313944256348E-14;0.999999999999983;3.31123193043769E-14;0.999999999999967;1.28361083302486E-14;0.999999999999987;2.2864907054268E-13;0.999999999999771;1.31735917511254E-13;0.999999999999868;1.27903785403826E-13;0.999999999999872;2.24930120898112E-14;0.999999999999978;5.09195845475745E-14;0.999999999999949;4.12931022907992E-15;0.999999999999996;2.27547898773169E-13;0.999999999999772;1.82902703485353E-14;0.999999999999982;9.45665105592483E-14;0.999999999999906;1.81083808729157E-14;0.999999999999982;2.06711893462808E-13;0.999999999999793;1.85626271493308E-13;0.999999999999814;1.08765845355826E-14;0.999999999999989;3.37477719138738E-14;0.999999999999966;1.02281020860192E-13;0.999999999999898;1.95145809715387E-14;0.99999999999998;2.73183875687077E-14;0.999999999999973;8.89724273708081E-14;0.999999999999911;6.0009637233843E-14;0.99999999999994;2.98574424479092E-14;0.99999999999997;7.12292601888222E-14;0.999999999999929;1.80311173257037E-14;0.999999999999982;3.17845638815726E-14;0.999999999999968;1.06737461795656E-14;0.999999999999989;5.31681953638094E-15;0.999999999999995;1.21345458684521E-14;0.999999999999988;2.52682037060908E-14;0.999999999999975;4.99569048365585E-14;0.99999999999995;1.07302449539397E-13;0.999999999999893;4.82332862893848E-14;0.999999999999952;1.7232496836902E-14;0.999999999999983;1.46723740574161E-14;0.999999999999985;7.86291478449111E-15;0.999999999999992;4.51448440163814E-14;0.999999999999955;3.77641076954392E-14;0.999999999999962;8.27172057233206E-14;0.999999999999917;6.69113840836735E-14;0.999999999999933;3.58931170026719E-14;0.999999999999964;2.15944814149095E-13;0.999999999999784;1.07549232942458E-13;0.999999999999892;1.18294624691206E-14;0.999999999999988;1.96637766872443E-13;0.999999999999803;3.20249132934041E-14;0.999999999999968;6.77916733219729E-15;0.999999999999993;3.24686895060918E-14;0.999999999999967;3.34340129992535E-13;0.999999999999666;7.46123883347554E-15;0.999999999999993;1.14161367334031E-13;0.999999999999886
